,const,BsmtFinSF1,Second_Floor_Area,Fireplaces,Pool_Area,Sale_Price,Property_Shape_IR2,Property_Shape_Reg,House_Type_2fmCon,House_Type_Twnhs,House_Type_TwnhsE,Kitchen_Quality_Fa,Kitchen_Quality_Gd,Kitchen_Quality_TA,Garage_Detchd,Predicted_Sale_Price
0,1.0,468,0,0,0,,0,1,0,0,0,0,0,1,0,127077.2584592312
1,1.0,923,0,0,0,,0,0,0,0,0,0,1,0,0,208643.1760549372
2,1.0,791,701,1,0,,0,0,0,0,0,0,0,1,0,206308.99844051816
3,1.0,602,678,1,0,,0,0,0,0,0,0,1,0,0,246839.58874195765
4,1.0,263,0,0,0,,0,0,0,0,1,0,1,0,0,163583.72297129664
5,1.0,0,892,1,0,,0,0,0,0,0,0,0,1,0,178675.1167873462
6,1.0,935,0,0,0,,0,0,0,0,0,0,0,1,0,159013.7011254141
7,1.0,0,676,1,0,,0,0,0,0,0,0,0,1,0,169096.2616209659
8,1.0,637,0,1,0,,0,1,0,0,0,0,1,0,0,207749.2619772367
9,1.0,804,0,0,0,,0,1,0,0,0,0,0,1,0,142413.50186899275
10,1.0,1051,0,1,0,,0,0,0,0,1,0,1,0,0,222331.9055768186
11,1.0,156,504,0,0,,0,1,0,1,0,0,0,1,1,83409.54044750282
12,1.0,300,567,0,0,,0,1,0,1,0,0,0,1,1,92776.04895140442
13,1.0,514,601,1,0,,0,1,0,1,0,0,1,0,0,197302.19969539592
14,1.0,0,0,0,0,,0,1,0,1,0,0,0,1,0,74230.88296401949
15,1.0,0,707,1,0,,0,0,0,0,0,0,0,0,0,304244.3297900773
16,1.0,0,0,0,0,,0,0,0,0,0,0,1,0,0,166514.15025966943
17,1.0,110,0,1,0,,0,1,0,0,0,0,0,0,0,267291.2216444167
18,1.0,28,0,1,0,,0,0,0,0,0,0,0,0,0,274169.33802500705
19,1.0,1373,0,2,0,,0,1,0,0,0,0,0,0,0,347720.1054988577
20,1.0,578,563,1,0,,0,1,0,0,0,0,1,0,0,230023.39926917656
21,1.0,24,0,1,0,,0,0,0,0,1,0,1,0,0,175455.94729757705
22,1.0,0,0,0,0,,0,0,0,0,0,0,1,0,0,166514.15025966943
23,1.0,16,0,0,0,,0,1,0,0,1,0,1,0,0,141688.86825198142
24,1.0,326,630,1,0,,0,0,0,0,0,0,1,0,0,232113.32574537848
25,1.0,0,886,1,0,,0,0,0,0,0,0,1,0,0,228586.2353856121
26,1.0,0,830,1,0,,1,0,0,0,0,0,1,0,0,246418.89623011692
27,1.0,0,0,1,0,,0,1,0,0,0,0,1,0,0,178674.30051289694
28,1.0,0,0,0,0,,0,1,0,0,0,0,1,0,0,155893.26018979208
29,1.0,1414,0,1,0,,0,1,0,0,0,0,1,0,0,243214.3248623104
30,1.0,0,828,0,0,,0,1,0,0,0,0,1,0,0,192612.20499424994
31,1.0,0,0,0,0,,0,1,0,0,0,0,0,1,1,85423.65898398413
32,1.0,126,0,2,0,,0,0,0,0,0,0,0,1,0,167650.12427609664
33,1.0,250,1098,1,0,,0,0,0,0,0,0,1,0,0,249398.59973937544
34,1.0,1129,823,1,0,,0,1,0,0,0,0,1,0,0,266703.1161589358
35,1.0,1298,0,1,0,,0,0,0,0,1,0,1,0,0,233605.87022625646
36,1.0,0,840,0,0,,0,1,0,0,1,0,1,0,0,178209.67437156697
37,1.0,280,600,0,0,,0,1,0,0,1,0,1,0,1,160054.30150858097
38,1.0,368,600,0,0,,0,1,0,1,0,0,1,0,1,147520.44661303604
39,1.0,376,636,0,0,,0,1,0,1,0,0,1,0,1,149482.07112671284
40,1.0,466,756,0,0,,0,1,0,0,1,0,1,0,1,175462.06974644982
41,1.0,244,550,0,0,,0,0,0,0,1,0,1,0,0,187107.09835425267
42,1.0,1032,0,1,0,,0,0,0,0,0,0,1,0,0,236399.3667698993
43,1.0,484,873,1,0,,0,0,0,0,0,0,1,0,0,250101.2236966704
44,1.0,833,0,1,0,,0,1,0,0,0,0,1,0,0,216695.4039662643
45,1.0,506,0,0,0,,0,0,0,0,0,0,0,1,0,139432.60462902207
46,1.0,1137,1215,1,0,,0,1,0,0,0,0,1,0,0,284452.1130764617
47,1.0,687,604,1,0,,0,0,0,0,0,0,0,1,0,197260.4504420124
48,1.0,329,715,0,0,,0,1,0,0,0,0,0,1,0,152440.58508286055
49,1.0,698,0,0,0,,0,1,0,0,0,0,0,1,0,137575.2822218656
50,1.0,1059,0,0,0,,0,1,0,0,0,0,0,1,0,154052.61517104402
51,1.0,1010,0,0,0,,0,1,0,0,0,0,1,0,0,201993.27758223025
52,1.0,0,644,0,0,,0,0,0,0,0,0,0,1,0,144896.13164358243
53,1.0,1500,0,0,0,,0,0,0,0,0,0,0,1,0,184802.32471623347
54,1.0,670,532,2,0,,0,1,0,0,0,0,0,1,1,185159.30478894492
55,1.0,300,537,1,0,,0,1,0,0,0,0,0,1,0,166004.27533831738
56,1.0,944,0,1,0,,0,0,0,0,0,0,1,0,0,232382.73159115217
57,1.0,0,0,0,0,,0,1,0,0,0,0,0,1,0,105716.06228134895
58,1.0,1188,0,0,0,,0,1,0,0,0,0,1,0,0,210117.83510287778
59,1.0,856,0,0,0,,0,0,0,0,0,0,0,1,0,155407.8581808571
60,1.0,936,0,0,0,,0,0,0,0,0,0,0,1,0,159059.3447069908
61,1.0,734,0,2,0,,0,1,0,0,0,0,0,1,0,184780.53180483554
62,1.0,0,505,0,0,,0,1,0,0,0,0,0,1,0,128111.07088793258
63,1.0,339,0,0,0,,0,1,0,0,0,1,0,0,1,83385.20962602911
64,1.0,648,0,0,0,,0,1,0,0,0,0,0,1,0,135293.10314303206
65,1.0,532,0,0,0,,0,1,1,0,0,0,0,1,0,111174.125388621
66,1.0,0,0,0,0,,0,1,0,0,0,0,0,1,1,85423.65898398413
67,1.0,481,408,0,0,,0,1,0,0,0,0,0,1,1,125471.61481441483
68,1.0,588,0,0,0,,0,0,0,0,0,0,0,1,1,122882.97502094433
69,1.0,717,0,1,0,,0,1,0,0,0,0,0,1,0,161223.55059492728
70,1.0,48,687,2,0,,0,1,0,0,0,0,0,1,0,183935.11585853185
71,1.0,579,0,1,0,,0,1,0,0,0,0,0,1,0,154924.7363373466
72,1.0,274,0,0,0,,0,1,0,0,0,0,1,0,1,148107.19824443528
73,1.0,0,424,0,0,,0,1,0,0,0,1,0,0,1,86714.97339072845
74,1.0,780,606,1,0,,0,1,0,0,0,0,1,0,1,220857.90117323626
75,1.0,176,185,0,0,,0,1,0,0,0,0,0,1,1,101661.04140527626
76,1.0,0,0,1,0,,0,1,0,0,0,0,0,1,1,108204.69930708899
77,1.0,0,636,0,0,,0,1,0,0,0,0,1,0,1,163805.26377121377
78,1.0,0,1111,0,0,,0,1,0,0,0,0,1,0,1,184869.8758269112
79,1.0,0,1128,0,0,,0,1,1,0,0,1,0,0,0,119403.02679070458
80,1.0,283,602,0,0,,0,1,0,0,0,0,0,1,1,125037.41669129762
81,1.0,788,582,0,0,,0,1,0,0,0,0,0,1,1,147200.4943535926
82,1.0,474,908,1,0,,0,0,0,0,0,0,1,0,1,230904.51389290608
83,1.0,188,0,0,0,,0,1,0,0,0,0,1,0,1,144181.85022884153
84,1.0,452,524,0,0,,0,1,0,0,0,0,0,1,1,129292.15094545113
85,1.0,264,348,2,0,,0,1,0,0,0,0,0,1,1,158468.24515671455
86,1.0,360,498,2,0,,0,1,0,0,0,0,1,0,1,219679.20965094888
87,1.0,300,636,0,0,,0,1,0,0,0,0,0,1,1,127321.14033577203
88,1.0,276,492,0,0,,0,1,0,0,0,0,0,1,1,119839.7909336784
89,1.0,448,608,1,0,,0,1,0,0,0,0,0,1,1,155615.72728473056
90,1.0,960,0,1,0,,0,1,0,0,0,0,0,1,1,152022.5376206936
91,1.0,0,1074,1,0,,0,1,0,0,0,0,0,1,1,155832.89582881334
92,1.0,0,780,0,0,,0,1,0,0,0,0,1,0,0,190483.57051283206
93,1.0,0,662,0,0,,0,1,0,0,0,0,0,1,1,114781.0762068719
94,1.0,766,0,2,0,,0,0,0,0,0,0,0,1,0,196862.01648516644
95,1.0,0,499,0,0,,0,0,0,0,0,0,1,0,1,168350.67625871103
96,1.0,1026,180,0,0,,0,1,1,0,0,0,0,1,0,141704.4339928137
97,1.0,368,319,0,0,,0,0,0,0,0,0,0,1,1,126987.93706516603
98,1.0,73,942,0,0,,0,0,0,0,0,0,0,1,0,161443.38550414855
99,1.0,736,744,1,0,,0,1,1,0,0,0,0,1,1,155967.88751797876
100,1.0,704,0,0,0,,0,1,0,0,0,0,0,1,0,137849.14371132565
101,1.0,240,0,0,0,,0,1,0,0,0,0,1,0,1,146555.31647082843
102,1.0,775,0,0,0,,0,1,0,0,0,0,0,1,1,120797.43470590452
103,1.0,1319,0,2,0,,0,0,0,0,0,0,0,1,0,222102.9170970657
104,1.0,267,720,2,0,,0,1,0,0,0,0,0,1,0,195394.49642979773
105,1.0,1092,0,2,0,,0,0,0,0,0,0,0,1,0,211741.82407916134
106,1.0,0,0,0,0,,0,1,0,0,0,0,0,1,1,85423.65898398413
107,1.0,964,864,1,0,,0,0,0,0,0,0,1,0,0,271611.0238882069
108,1.0,288,558,1,0,,0,1,0,0,0,1,0,0,0,148876.206432571
109,1.0,104,0,1,0,,0,1,0,0,0,0,1,0,0,183421.2329968708
110,1.0,192,0,1,0,,0,1,0,0,0,0,0,1,1,116968.2669698099
111,1.0,954,0,0,0,,0,1,0,0,0,0,0,1,0,149260.03910549352
112,1.0,1346,0,2,0,,1,0,0,0,0,0,1,0,0,293828.5594475714
113,1.0,0,0,0,0,,0,0,0,0,0,0,0,1,1,96044.54905386148
114,1.0,1433,0,2,0,,0,1,0,0,0,0,1,0,0,266862.593235372
115,1.0,860,838,1,0,,0,0,0,0,0,0,1,0,0,265711.0810601318
116,1.0,24,0,0,0,,0,1,0,0,0,0,1,0,0,156988.7061476322
117,1.0,0,614,0,0,,0,0,0,0,0,0,0,1,1,123273.33179533145
118,1.0,870,0,0,0,,0,1,0,0,0,0,0,1,0,145425.9782530531
119,1.0,353,800,1,0,,0,0,0,0,0,0,0,1,0,190707.4183278603
120,1.0,198,0,0,0,,0,0,0,0,0,0,0,1,0,125374.38150340726
121,1.0,480,0,0,0,,0,1,0,0,0,0,0,1,1,107332.57814078643
122,1.0,1682,0,1,0,,0,1,0,0,0,0,1,0,0,255446.80472485835
123,1.0,0,1054,1,0,,0,1,0,0,0,0,1,0,0,225415.56600069717
124,1.0,672,0,0,0,,0,1,0,0,1,0,1,0,0,171631.05776627787
125,1.0,0,0,0,0,,0,1,0,0,0,0,0,1,1,85423.65898398413
126,1.0,0,0,0,0,,0,1,0,0,0,0,0,1,1,85423.65898398413
127,1.0,1070,0,0,0,,0,0,0,0,0,0,0,1,0,165175.5846382648
128,1.0,0,328,0,0,,0,1,0,0,0,1,0,0,1,82457.7044278928
129,1.0,528,0,1,0,,0,1,0,0,0,0,0,1,1,132304.51037957155
130,1.0,0,0,0,0,,0,1,0,0,0,0,0,1,0,105716.06228134895
131,1.0,133,0,1,0,,0,1,0,0,0,1,0,0,1,96763.67214433961
132,1.0,238,0,1,0,,0,1,0,0,0,0,0,1,1,119067.87172233681
133,1.0,0,1788,0,0,,0,1,0,0,0,0,0,1,0,185007.69671416376
134,1.0,0,772,1,0,,0,1,0,0,0,0,0,1,0,162732.64051392418
135,1.0,426,908,2,0,,0,0,0,0,0,0,0,1,0,221609.86768925242
136,1.0,375,1075,0,0,,0,1,0,0,0,0,0,1,1,150212.54514865644
137,1.0,343,756,0,0,,0,0,0,0,0,0,1,0,0,215695.89182279885
138,1.0,747,0,1,0,,0,0,0,0,1,0,1,0,0,208456.25677751048
139,1.0,76,0,1,0,,0,0,0,0,1,0,1,0,0,177829.41353956395
140,1.0,480,0,0,0,,0,1,0,0,0,0,0,1,1,107332.57814078643
141,1.0,308,380,0,0,,0,1,0,0,0,0,0,1,1,116333.57175415686
142,1.0,0,0,0,0,,0,1,0,0,0,0,0,1,1,85423.65898398413
143,1.0,1373,0,1,0,,0,0,0,0,1,0,1,0,0,237029.13884450684
144,1.0,615,880,1,0,,0,1,0,0,0,0,1,0,0,245770.06867521044
145,1.0,679,0,1,0,,0,1,0,0,0,0,1,0,0,209666.29240345684
146,1.0,0,0,0,0,,0,0,0,0,0,0,0,1,0,116336.9523512263
147,1.0,78,0,1,0,,0,0,0,0,0,0,1,0,0,192855.3899457547
148,1.0,0,0,0,0,,0,1,0,0,0,0,1,0,0,155893.26018979208
149,1.0,0,700,0,0,,0,1,0,0,0,0,0,1,0,136758.64846869255
150,1.0,42,0,1,0,,0,1,0,0,0,0,0,1,0,130414.13303067401
151,1.0,0,0,0,0,,0,1,0,0,0,0,1,0,0,155893.26018979208
152,1.0,0,0,1,0,,0,1,0,0,0,0,0,1,0,128497.1026044538
153,1.0,915,0,1,0,,0,1,0,1,0,0,0,1,0,138775.80042977876
154,1.0,176,546,0,0,,0,1,0,1,0,0,0,1,0,106477.37054764171
155,1.0,0,546,0,0,,0,1,0,0,1,0,0,1,0,114994.59026443955
156,1.0,294,546,0,0,,0,1,0,0,1,0,0,1,0,128413.80324798095
157,1.0,469,0,0,0,,0,1,0,0,0,0,0,1,1,106830.49874344304
158,1.0,207,0,0,0,,0,1,0,0,0,0,1,0,0,165341.4815761631
159,1.0,0,1216,0,0,,0,1,0,0,0,0,0,1,0,159641.46914393437
160,1.0,458,650,0,0,,0,1,0,0,0,0,0,1,1,135153.677948633
161,1.0,476,615,0,0,,0,0,0,0,0,0,0,1,0,165336.42647488805
162,1.0,1341,0,2,0,,0,1,0,0,0,0,1,0,0,262663.3837303183
163,1.0,944,645,1,0,,0,1,0,0,0,0,1,0,0,250365.3673653271
164,1.0,564,0,0,0,,0,0,0,0,0,0,0,1,0,142079.932360469
165,1.0,844,0,1,0,,0,1,0,0,0,0,0,1,0,167020.2854551645
166,1.0,847,663,1,0,,0,0,0,0,0,0,0,1,0,207179.87004435598
167,1.0,850,1275,1,0,,0,0,0,0,0,0,1,0,0,284634.0883356066
168,1.0,284,670,1,0,,0,1,0,0,0,0,0,1,0,171172.06940868596
169,1.0,1965,0,1,0,,0,0,0,0,1,0,1,0,0,264050.13913789636
170,1.0,341,0,0,0,,0,0,0,0,0,0,0,1,0,131901.41366887128
171,1.0,741,0,0,0,,0,0,0,0,1,0,1,0,0,185401.35496494555
172,1.0,189,631,1,0,,0,0,0,0,0,0,0,1,0,175727.30371262756
173,1.0,476,684,1,0,,0,1,0,0,0,0,0,1,0,180556.48879515374
174,1.0,600,809,1,0,,0,0,0,0,0,0,1,0,0,252557.69985100717
175,1.0,0,0,1,0,,0,1,0,0,0,0,1,0,0,178674.30051289694
176,1.0,400,988,1,0,,0,1,0,0,0,0,0,1,0,190568.9283109731
177,1.0,0,896,1,0,,0,0,0,0,0,0,1,0,0,229029.70090257414
178,1.0,363,0,1,0,,0,1,0,0,0,0,0,1,0,145065.72271678556
179,1.0,602,1134,1,0,,0,0,0,0,0,0,1,0,0,267061.61631542724
180,1.0,832,0,1,0,,0,1,0,0,0,0,0,1,0,166472.56247624446
181,1.0,622,868,1,0,,0,1,0,0,0,0,0,0,0,329153.5422839786
182,1.0,0,816,1,0,,0,1,0,0,0,0,1,0,0,214861.08669700034
183,1.0,225,839,1,0,,0,1,0,0,0,0,1,0,0,226150.86324076416
184,1.0,1333,0,2,0,,0,0,0,0,0,0,0,1,0,222741.92723913916
185,1.0,888,0,1,0,,0,1,0,0,0,0,0,1,0,169028.60304453806
186,1.0,636,0,1,0,,0,0,0,0,0,0,0,1,0,168147.31055709423
187,1.0,0,0,0,0,,0,0,0,0,0,0,0,1,0,116336.9523512263
188,1.0,500,0,0,0,,0,0,0,0,0,0,0,1,0,139158.74313956202
189,1.0,726,0,0,0,,0,1,0,0,0,0,0,1,1,118560.89920864762
190,1.0,240,0,0,0,,0,1,0,0,0,0,0,1,1,96378.11856238528
191,1.0,254,504,0,0,,0,1,0,1,0,0,0,1,1,87882.61144201663
192,1.0,110,504,0,0,,0,1,0,1,0,0,0,1,1,81309.93569497597
193,1.0,306,744,1,0,,0,1,0,0,1,0,0,1,1,140230.7804884897
194,1.0,435,0,1,0,,0,1,0,1,0,0,0,1,0,116866.88127297646
195,1.0,389,601,1,0,,0,1,0,1,0,0,0,1,0,141419.55408986885
196,1.0,320,744,1,0,,0,1,0,0,1,0,0,1,1,140869.79063056307
197,1.0,279,601,1,0,,0,1,0,0,1,0,0,1,0,152949.250190727
198,1.0,536,0,0,0,,0,1,0,0,1,0,0,1,0,115246.33276340741
199,1.0,644,0,1,0,,0,1,0,0,0,0,0,1,0,157891.56913983024
200,1.0,1360,978,3,0,,0,1,0,0,0,0,0,0,0,413278.7068203545
201,1.0,986,1325,1,0,,0,1,0,0,0,0,0,0,0,366034.18010305276
202,1.0,1232,0,1,0,,0,1,0,0,0,0,0,0,0,318503.3201734421
203,1.0,2288,0,2,0,,0,1,0,0,0,0,0,0,0,389483.98264151206
204,1.0,0,0,1,0,,0,1,0,0,0,0,0,0,0,262270.42767098284
205,1.0,1531,0,2,0,,0,0,0,0,0,0,1,0,0,281956.5542997632
206,1.0,1230,1012,1,0,,0,0,0,0,0,0,0,0,0,373911.6333967258
207,1.0,1015,0,1,0,,0,0,0,0,0,0,0,0,0,319219.55304118176
208,1.0,1037,0,1,0,,0,0,0,0,0,0,0,0,0,320223.71183586854
209,1.0,1142,0,1,0,,0,0,0,0,0,0,0,0,0,325016.28790141904
210,1.0,1262,0,1,0,,0,0,0,0,0,0,1,0,0,246897.39053253373
211,1.0,1972,0,1,0,,0,0,0,0,0,0,0,0,0,362900.46061005635
212,1.0,0,1295,1,0,,0,0,0,0,0,0,1,0,0,246723.97502936
213,1.0,0,0,1,0,,0,0,0,0,0,0,1,0,0,189295.19058277432
214,1.0,836,0,1,0,,0,0,0,0,1,0,1,0,0,212518.53553783425
215,1.0,881,0,1,0,,0,0,0,1,0,0,1,0,0,198022.00663449246
216,1.0,876,0,1,0,,0,0,0,0,1,0,1,0,0,214344.2788009011
217,1.0,2146,0,1,0,,0,0,0,0,0,0,0,0,0,370842.4438043972
218,1.0,1557,0,1,0,,0,0,0,0,0,0,0,0,0,343958.3742557377
219,1.0,800,0,1,0,,0,0,0,0,1,0,0,0,0,294471.49375916
220,1.0,0,0,1,0,,0,1,0,0,1,0,0,0,0,247335.73842794544
221,1.0,1196,0,1,0,,0,1,0,0,0,0,1,0,0,233264.024078596
222,1.0,0,0,1,0,,0,1,0,0,1,0,1,0,0,163739.61126985954
223,1.0,0,728,1,0,,0,1,0,0,0,0,1,0,0,210958.5901477343
224,1.0,0,745,1,0,,0,0,0,0,0,0,1,0,0,222333.37159644716
225,1.0,16,0,1,0,,0,1,0,0,1,0,1,0,0,164469.90857508627
226,1.0,0,630,1,0,,0,0,0,0,0,0,1,0,0,217233.51815138359
227,1.0,0,762,1,0,,0,0,0,0,0,0,1,0,0,223087.26297528265
228,1.0,0,748,1,0,,0,0,0,0,0,0,1,0,0,222466.41125153578
229,1.0,652,683,1,0,,0,0,0,0,0,0,1,0,0,249343.50057927225
230,1.0,494,644,1,0,,0,0,0,0,0,0,1,0,0,240402.29917400618
231,1.0,651,1126,1,0,,0,0,0,0,0,0,1,0,0,268943.3793991145
232,1.0,241,630,0,0,,0,0,0,0,0,0,1,0,0,205452.58098825652
233,1.0,683,695,1,0,,0,0,0,0,0,0,0,1,0,201113.41232006036
234,1.0,0,656,1,0,,0,1,0,0,0,0,0,1,0,157588.44051716442
235,1.0,913,1089,1,0,,1,0,0,0,0,0,1,0,0,299577.2430989351
236,1.0,0,656,1,0,,0,0,0,0,0,0,0,1,0,168209.3305870418
237,1.0,1173,1221,2,0,,0,1,0,0,0,0,1,0,0,309142.40164650395
238,1.0,236,0,2,0,,0,0,0,0,0,0,1,0,0,222848.11615797368
239,1.0,816,967,1,0,,0,1,0,0,0,0,1,0,0,258802.57856969125
240,1.0,624,1017,1,0,,0,0,0,0,0,0,1,0,0,262877.22856165795
241,1.0,0,0,0,0,,0,0,0,0,0,0,1,0,0,166514.15025966943
242,1.0,0,0,1,0,,0,1,0,0,0,0,1,0,0,178674.30051289694
243,1.0,1294,0,1,0,,0,1,0,0,0,0,1,0,0,237737.0950731098
244,1.0,379,0,1,0,,0,0,0,0,0,0,1,0,0,206594.1080003328
245,1.0,2158,0,2,0,,0,1,0,0,0,0,0,0,0,383550.3170365448
246,1.0,0,0,0,0,,0,0,0,0,0,0,1,0,0,166514.15025966943
247,1.0,0,0,0,0,,0,1,0,0,0,0,1,0,0,155893.26018979208
248,1.0,0,0,1,0,,0,0,0,0,0,0,1,0,0,189295.19058277432
249,1.0,24,0,1,0,,0,1,0,0,0,0,1,0,0,179769.74647073707
250,1.0,682,886,1,0,,0,1,0,0,0,0,1,0,0,249094.26795102467
251,1.0,0,0,1,0,,0,1,0,0,0,0,1,0,0,178674.30051289694
252,1.0,1430,0,1,0,,0,1,0,0,0,0,0,0,0,327540.74932562304
253,1.0,771,0,0,0,,0,0,0,0,0,0,1,0,0,201705.35165528316
254,1.0,410,841,0,0,,0,0,0,0,0,0,1,0,0,222523.4686826133
255,1.0,0,0,0,0,,0,1,0,0,0,0,1,0,1,135600.85689242728
256,1.0,54,0,0,0,,0,1,0,0,0,0,1,0,1,138065.61029756753
257,1.0,0,0,0,0,,0,1,0,0,0,0,1,0,0,155893.26018979208
258,1.0,0,941,0,0,,0,0,0,0,0,0,1,0,0,208244.25540579847
259,1.0,516,0,0,0,,0,0,0,0,0,0,1,0,0,190066.2383532319
260,1.0,0,0,0,0,,0,1,0,0,0,0,1,0,1,135600.85689242728
261,1.0,0,0,0,0,,0,1,0,0,0,0,1,0,0,155893.26018979208
262,1.0,836,0,0,0,,0,1,0,0,0,0,1,0,1,173758.89109052462
263,1.0,0,0,0,0,,0,1,0,0,0,0,1,0,0,155893.26018979208
264,1.0,637,1209,1,0,,0,0,0,0,0,0,1,0,0,271985.1330478261
265,1.0,52,897,0,0,,0,1,0,0,0,0,1,0,0,198045.58330327502
266,1.0,0,0,0,0,,0,1,0,0,1,0,1,0,0,140958.57094675468
267,1.0,36,786,0,0,,0,1,0,0,0,0,1,0,0,192392.81875976946
268,1.0,331,702,0,0,,0,0,0,0,0,0,0,1,0,162576.25714384054
269,1.0,0,918,2,0,,0,1,0,0,0,0,0,1,0,191988.27738467505
270,1.0,68,0,0,0,,0,0,0,0,0,0,0,1,1,99148.31260107514
271,1.0,660,0,0,0,,0,0,0,0,0,0,0,1,1,126169.31289446466
272,1.0,864,0,0,0,,0,0,0,0,0,0,0,1,0,155773.00683347043
273,1.0,544,0,0,0,,0,0,0,0,0,0,0,1,0,141167.06072893558
274,1.0,624,0,0,0,,0,0,0,0,0,0,1,0,0,194995.74516351245
275,1.0,140,0,0,0,,0,1,0,0,0,0,0,1,0,112106.16370208297
276,1.0,1733,0,2,0,,0,0,0,0,0,0,1,0,0,291176.5577782509
277,1.0,601,780,1,0,,0,1,0,0,0,0,1,0,0,240696.40336351653
278,1.0,0,1629,1,0,,0,1,0,1,0,0,1,0,0,219429.65390868575
279,1.0,0,0,1,0,,0,0,0,0,1,0,1,0,0,174360.50133973692
280,1.0,962,0,1,0,,0,0,0,0,1,0,1,0,0,218269.62681649483
281,1.0,507,756,0,0,,0,1,0,0,1,0,1,0,1,177333.45659109333
282,1.0,549,739,0,0,,0,1,0,0,1,0,1,0,1,178496.59563847806
283,1.0,1252,0,1,0,,0,0,0,0,0,0,0,0,0,330037.0818748529
284,1.0,121,0,0,0,,0,1,0,0,0,0,1,0,0,161416.13356056932
285,1.0,0,1012,1,0,,0,1,0,0,0,0,0,1,0,173375.81292101345
286,1.0,560,782,2,0,,0,0,0,0,0,0,1,0,0,272315.6400152476
287,1.0,0,1369,1,0,,0,1,0,0,0,0,1,0,0,239384.7297850018
288,1.0,553,0,1,0,,0,1,0,0,0,0,0,1,0,153738.00321635313
289,1.0,955,0,0,0,,0,1,0,0,0,0,0,1,0,149305.68268707016
290,1.0,432,972,2,0,,0,0,0,0,0,0,1,0,0,274899.1063957127
291,1.0,648,0,0,0,,0,1,0,0,0,0,0,1,0,135293.10314303206
292,1.0,0,0,0,0,,0,1,0,0,0,0,0,1,0,105716.06228134895
293,1.0,698,896,1,0,,0,1,0,0,0,0,0,1,0,200090.83286477032
294,1.0,962,0,1,0,,0,1,0,0,0,0,0,1,0,172406.22808121174
295,1.0,734,0,1,0,,0,1,0,0,0,0,0,1,1,141707.08818436586
296,1.0,403,0,0,0,,0,1,0,0,0,0,0,1,1,103818.02235938275
297,1.0,775,0,1,0,,0,0,0,0,0,0,0,1,0,174491.7683962516
298,1.0,625,0,1,0,,0,0,0,0,0,0,0,1,1,147352.82786238604
299,1.0,310,0,1,0,,0,1,0,0,0,0,1,0,0,192823.8108016651
300,1.0,998,0,2,0,,0,0,0,0,0,0,0,1,1,187158.92411358943
301,1.0,388,1315,1,0,,0,0,0,0,0,0,0,1,0,215143.4178065895
302,1.0,568,0,1,0,,0,1,0,0,0,0,1,0,0,204599.85484844635
303,1.0,100,0,0,0,,0,1,0,0,0,0,0,1,0,110280.4204390161
304,1.0,1173,0,0,0,,0,1,0,0,0,0,0,1,0,159255.98347078456
305,1.0,1312,0,1,0,,0,0,0,0,0,0,0,1,0,199002.37170292414
306,1.0,1387,0,2,0,,0,0,0,0,0,0,1,0,0,275383.8785527225
307,1.0,856,0,0,0,,0,1,0,0,0,0,0,1,0,144786.9681109797
308,1.0,544,0,2,0,,0,0,0,0,0,0,0,1,0,186729.14137514535
309,1.0,708,0,0,0,,0,0,0,0,0,0,1,0,0,198829.8060159528
310,1.0,435,0,0,0,,0,1,0,0,0,0,0,1,0,125571.02026720103
311,1.0,172,0,0,0,,0,1,0,0,0,0,1,0,0,163743.95622097957
312,1.0,155,0,2,0,,0,1,0,0,0,0,0,1,0,158352.8980719428
313,1.0,0,0,0,0,,0,1,0,0,0,0,0,1,1,85423.65898398413
314,1.0,490,0,0,0,,0,0,0,0,0,0,0,1,0,138702.30732379534
315,1.0,308,0,0,0,,0,1,0,0,0,0,0,1,0,119774.28540696375
316,1.0,700,0,0,0,,0,1,0,0,0,1,0,0,1,99862.5425752075
317,1.0,931,0,0,0,,0,1,0,0,0,0,1,0,0,198387.43463767317
318,1.0,0,0,0,0,,0,1,0,0,0,0,0,1,0,105716.06228134895
319,1.0,699,726,1,0,,0,1,0,0,0,0,0,1,0,192597.56265799206
320,1.0,390,0,0,0,,0,1,0,0,0,0,0,1,0,123517.05909625083
321,1.0,0,0,0,0,,0,1,0,0,0,0,0,1,0,105716.06228134895
322,1.0,0,676,0,0,,0,1,0,0,0,0,1,0,1,165579.12583906198
323,1.0,0,322,0,0,,0,1,0,0,0,0,0,1,1,99703.2486301622
324,1.0,0,0,0,0,,0,1,0,0,0,0,0,0,1,219196.9840505132
325,1.0,0,0,1,0,,0,1,0,0,0,0,1,0,1,158381.89721553214
326,1.0,0,760,0,0,,0,1,0,0,0,0,1,0,1,169304.23618154315
327,1.0,0,0,0,0,,0,1,0,0,0,0,1,0,0,155893.26018979208
328,1.0,0,0,0,0,,0,1,0,0,0,0,1,0,1,135600.85689242728
329,1.0,0,0,0,0,,0,1,0,0,0,0,0,1,1,85423.65898398413
330,1.0,0,1296,0,0,,0,1,0,0,0,0,0,1,0,163189.1932796308
331,1.0,384,0,0,0,,0,1,0,0,0,0,0,1,0,123243.19760679078
332,1.0,872,0,1,0,,0,0,0,0,0,0,0,1,0,178919.1958091887
333,1.0,745,0,0,0,,0,1,0,0,0,0,1,0,1,169605.3251670475
334,1.0,546,0,0,0,,0,0,0,0,0,0,0,1,1,120965.94459472412
335,1.0,0,0,1,0,,0,0,0,0,0,0,0,1,0,139117.99267433118
336,1.0,621,368,0,0,,0,1,0,0,0,0,0,1,1,130087.85416730058
337,1.0,0,0,0,0,,0,1,0,0,0,0,0,1,0,105716.06228134895
338,1.0,630,0,0,0,,0,1,0,0,0,0,0,1,1,114179.1153772871
339,1.0,433,0,0,0,,0,1,0,0,0,0,0,1,0,125479.73310404769
340,1.0,0,629,0,0,,0,1,0,0,0,0,0,1,1,113317.64000089718
341,1.0,120,0,0,0,,0,1,0,0,0,0,0,1,1,90900.88877318472
342,1.0,0,813,0,0,,0,1,0,0,0,0,0,1,0,141769.8088103637
343,1.0,941,0,0,0,,0,0,0,0,0,0,1,0,0,209464.7605233173
344,1.0,826,0,1,0,,0,1,0,0,0,0,0,1,0,166198.70098678442
345,1.0,0,517,0,0,,0,1,0,0,0,0,1,0,1,158528.02411936532
346,1.0,633,972,0,0,,0,1,0,0,0,0,0,1,1,157420.8943707286
347,1.0,0,496,0,0,,0,1,0,0,0,0,1,0,1,157596.74653374506
348,1.0,0,700,0,0,,0,1,0,0,0,0,0,1,0,136758.64846869255
349,1.0,421,690,1,0,,0,1,0,0,0,0,0,1,1,158019.7678212493
350,1.0,0,600,0,0,,0,1,1,0,0,1,0,0,0,95988.04749510827
351,1.0,0,646,0,0,,0,1,0,0,0,0,0,1,0,134363.93467709748
352,1.0,384,560,0,0,,0,1,0,0,0,0,0,1,1,127784.86325930084
353,1.0,0,0,0,0,,0,1,0,0,0,0,0,1,1,85423.65898398413
354,1.0,0,0,0,0,,0,1,0,0,0,0,0,1,1,85423.65898398413
355,1.0,0,0,0,0,,0,1,0,0,0,0,0,1,1,85423.65898398413
356,1.0,0,677,0,0,,0,1,0,0,0,0,1,0,1,165623.47239075816
357,1.0,0,917,0,0,,0,1,0,0,0,0,0,0,1,259862.77195593328
358,1.0,0,624,1,0,,0,1,0,0,0,0,0,0,0,289942.67592941487
359,1.0,0,0,1,0,,0,1,0,0,0,0,0,1,0,128497.1026044538
360,1.0,0,0,0,0,,0,1,0,0,0,0,0,1,1,85423.65898398413
361,1.0,0,741,0,0,,0,1,0,0,0,0,1,0,1,168461.6516993153
362,1.0,0,0,0,0,,0,1,0,0,0,0,0,1,0,105716.06228134895
363,1.0,0,0,1,0,,0,1,0,0,0,0,1,0,0,178674.30051289694
364,1.0,0,653,1,0,,0,1,0,0,0,0,0,1,1,137162.997564711
365,1.0,220,320,0,0,,0,1,0,0,0,0,0,1,0,129948.5467710023
366,1.0,0,0,0,0,,0,1,0,0,0,0,0,1,1,85423.65898398413
367,1.0,273,588,1,0,,0,1,0,0,0,0,0,1,1,146741.1694748889
368,1.0,134,0,0,0,,0,1,0,0,0,0,0,1,1,91539.8989152581
369,1.0,0,720,0,0,,0,1,0,0,0,0,0,1,1,117353.17620525185
370,1.0,0,672,0,0,,0,1,0,0,0,0,0,1,1,115224.54172383396
371,1.0,0,1040,0,0,,0,1,0,0,0,0,0,1,0,151836.4760454023
372,1.0,522,784,0,0,,0,1,0,0,0,0,0,1,0,164309.7083941963
373,1.0,0,686,0,0,,1,0,0,0,0,0,1,0,0,217251.9524627585
374,1.0,169,886,0,0,,0,0,1,0,0,0,0,1,0,144517.44014900445
375,1.0,0,462,0,0,,0,1,0,0,0,0,0,1,1,105911.76586763094
376,1.0,749,0,0,0,,0,1,0,0,0,0,1,0,0,190080.302790719
377,1.0,276,649,0,0,,0,1,1,0,0,0,0,1,1,107977.87725846547
378,1.0,0,0,0,0,,0,0,0,0,0,1,0,0,0,98825.32883877965
379,1.0,1200,0,0,0,,0,1,0,0,0,0,0,1,0,160488.36017335468
380,1.0,1152,0,0,0,,0,0,0,0,0,0,0,1,1,148625.955030187
381,1.0,0,425,0,0,,0,1,0,0,0,0,0,1,1,104270.94345487135
382,1.0,527,0,1,0,,0,1,0,0,0,0,0,1,0,152551.27009535965
383,1.0,456,0,1,0,,0,0,0,0,0,0,0,1,0,159931.46587329335
384,1.0,0,611,1,0,,0,1,0,0,0,0,0,1,0,155592.84569083515
385,1.0,588,0,1,0,,0,1,0,0,0,0,0,1,0,155335.52857153665
386,1.0,0,0,1,0,,0,1,0,0,0,0,0,1,0,128497.1026044538
387,1.0,0,0,0,0,,0,1,0,0,0,1,0,0,0,88204.4387689023
388,1.0,0,0,0,0,,0,0,0,0,0,0,0,1,0,116336.9523512263
389,1.0,257,0,0,0,,0,1,0,0,0,0,0,1,0,117446.4627465535
390,1.0,342,747,1,0,,0,1,0,0,0,0,1,0,1,207118.87623181904
391,1.0,173,0,1,0,,0,1,0,0,0,0,0,1,1,116101.03891985312
392,1.0,552,0,0,0,,0,1,0,0,1,0,1,0,0,166153.82797707734
393,1.0,460,0,0,0,,0,0,0,0,0,0,1,0,0,187510.1977849383
394,1.0,70,0,1,0,,0,0,0,0,0,0,1,0,0,192490.2412931413
395,1.0,474,800,1,0,,0,1,0,0,0,0,1,0,0,235786.5995372033
396,1.0,0,728,1,0,,0,1,0,0,0,0,0,1,0,160781.39223929116
397,1.0,0,1114,0,0,,0,1,0,0,0,0,0,1,1,134825.71757355667
398,1.0,0,0,0,0,,0,1,0,0,0,0,0,1,0,105716.06228134895
399,1.0,1094,0,2,0,,0,1,0,0,0,0,1,0,1,231097.01578351558
400,1.0,0,0,0,0,,0,1,0,0,0,0,0,1,0,105716.06228134895
401,1.0,820,1619,2,0,,0,1,0,0,0,0,0,1,0,260502.94701658544
402,1.0,820,1619,2,0,,0,1,0,0,0,0,0,1,0,260502.94701658544
403,1.0,820,1619,2,0,,0,1,0,0,0,0,0,1,0,260502.94701658544
404,1.0,1021,0,1,0,,0,1,0,0,0,0,0,0,0,308872.5244607644
405,1.0,1104,0,1,0,,0,0,0,0,0,0,0,0,0,323281.8318015055
406,1.0,0,0,1,0,,0,1,0,0,0,0,1,0,0,178674.30051289694
407,1.0,1359,0,2,0,,0,0,0,0,0,0,1,0,0,274105.85826857574
408,1.0,902,0,1,0,,0,1,0,0,0,0,1,0,0,219844.81109505458
409,1.0,872,0,0,0,,0,0,0,0,0,0,1,0,0,206315.35339452696
410,1.0,24,0,1,0,,0,1,0,0,0,0,1,0,0,179769.74647073707
411,1.0,0,718,1,0,,0,0,0,0,0,0,1,0,0,221136.01470064963
412,1.0,800,815,1,0,,0,0,0,0,0,0,1,0,0,261952.49547651873
413,1.0,755,0,0,0,,0,1,0,0,0,0,0,1,0,140176.96637173585
414,1.0,950,0,0,0,,1,0,0,0,0,0,0,1,0,180014.42258855654
415,1.0,606,844,1,0,,0,1,0,0,0,0,0,1,0,193585.60267151392
416,1.0,1259,0,0,0,,0,0,0,0,0,0,1,0,0,223979.4194646988
417,1.0,24,0,1,0,,0,1,0,0,0,0,1,0,0,179769.74647073707
418,1.0,625,0,0,0,,0,0,0,0,0,0,0,1,0,144864.19083664595
419,1.0,710,0,0,0,,0,0,0,0,0,0,0,1,0,148743.89527066302
420,1.0,1234,0,0,0,,0,1,0,0,0,0,1,0,0,212217.43985540463
421,1.0,0,1116,1,0,,0,0,0,0,0,0,1,0,0,238785.9422757393
422,1.0,0,885,0,0,,0,1,0,0,0,0,1,0,0,195139.95844093364
423,1.0,0,926,0,0,,0,1,0,0,0,0,1,0,0,196958.16706047804
424,1.0,1246,0,1,0,,0,1,0,0,0,0,1,0,0,235546.2031574296
425,1.0,1360,0,1,0,,0,1,0,0,0,0,1,0,0,240749.57145717015
426,1.0,1111,0,1,0,,0,1,0,0,0,0,1,0,0,229384.31964457894
427,1.0,1478,0,1,0,,0,1,0,0,0,0,1,0,0,246135.5140832174
428,1.0,0,788,1,0,,0,1,0,0,0,0,1,0,0,213619.38324950662
429,1.0,399,0,0,0,,0,1,0,0,0,0,0,1,0,123927.85133044087
430,1.0,547,0,0,0,,0,1,0,0,1,0,0,1,0,115748.4121607508
431,1.0,332,0,0,0,,0,1,0,0,0,0,0,1,1,100577.32806743907
432,1.0,1078,0,0,0,,0,1,0,0,0,0,0,1,0,154919.84322100074
433,1.0,0,0,0,0,,0,1,0,0,0,0,0,1,0,105716.06228134895
434,1.0,546,0,1,0,,0,1,0,0,0,0,0,1,0,153418.49814531644
435,1.0,626,444,2,0,,0,1,0,0,0,0,0,1,1,179248.49065030532
436,1.0,832,436,2,0,,0,1,0,0,0,0,0,1,0,208588.6993388948
437,1.0,0,595,1,0,,0,1,0,0,0,0,0,1,1,134590.89756633106
438,1.0,0,0,1,0,,0,1,0,0,0,0,1,0,1,158381.89721553214
439,1.0,0,600,1,0,,0,1,0,0,0,0,0,1,1,134812.6303248121
440,1.0,728,727,2,0,,0,1,0,0,0,0,0,1,1,196454.21010115187
441,1.0,793,0,0,0,,0,0,0,0,0,0,0,1,0,152532.3125415268
442,1.0,246,1240,2,0,,0,0,0,0,0,0,0,1,1,207824.67487122686
443,1.0,154,0,1,0,,0,1,0,0,0,0,0,1,0,135526.2141672612
444,1.0,65,0,1,0,,0,0,0,0,0,0,0,1,0,142084.82547681482
445,1.0,312,537,1,0,,0,1,0,0,0,1,0,0,0,149040.37480479083
446,1.0,784,0,2,0,,0,1,0,0,0,0,0,1,0,187062.71088366915
447,1.0,0,516,1,0,,0,1,0,1,0,0,0,1,1,99602.34066500144
448,1.0,471,668,1,0,,0,1,0,0,1,0,1,0,0,214861.2347255368
449,1.0,0,668,1,0,,0,1,0,1,0,0,0,1,0,126635.41982018942
450,1.0,454,800,1,0,,0,0,0,0,0,0,0,1,0,195317.42006710416
451,1.0,803,0,2,0,,0,1,0,0,0,0,0,0,0,321703.2640001549
452,1.0,0,928,0,0,,0,1,0,0,0,0,1,0,1,176754.45686650567
453,1.0,0,0,0,0,,0,1,0,0,0,0,0,1,1,85423.65898398413
454,1.0,1476,0,1,0,,0,0,0,0,1,0,0,0,0,325326.5549049899
455,1.0,0,0,0,0,,0,1,0,0,0,0,0,1,1,85423.65898398413
456,1.0,445,1012,1,0,,0,1,0,0,0,0,1,0,0,243864.40463107542
457,1.0,767,0,1,0,,0,1,0,0,0,0,0,1,0,163505.72967376083
458,1.0,841,0,2,0,,0,1,0,0,0,0,0,1,0,189664.3950335394
459,1.0,55,0,0,0,,0,1,0,0,0,0,0,1,1,87934.05597070105
460,1.0,1758,0,1,0,,0,0,0,0,0,0,0,0,0,353132.73415264866
461,1.0,1115,0,0,0,,0,0,0,0,0,0,0,0,0,301002.87087574403
462,1.0,462,862,1,0,,0,0,0,0,0,0,1,0,0,248609.2528333254
463,1.0,904,0,1,0,,0,0,0,0,0,0,1,0,0,230556.9883280853
464,1.0,0,942,0,0,,0,0,0,0,0,0,1,0,0,208288.6019574947
465,1.0,1640,0,1,0,,0,0,0,0,0,0,0,0,0,347746.7915266014
466,1.0,532,0,0,0,,0,0,0,0,0,0,1,0,0,190796.53565845863
467,1.0,594,0,1,0,,0,0,0,0,0,0,0,1,0,166230.28013087402
468,1.0,720,0,0,0,,0,0,0,0,0,0,0,1,1,128907.92778906495
469,1.0,114,0,0,0,,0,1,0,0,0,0,0,1,0,110919.43058108949
470,1.0,718,0,1,0,,0,1,0,0,0,0,0,1,1,140976.79087913912
471,1.0,330,663,0,0,,0,1,0,0,0,0,0,1,1,129887.80467886974
472,1.0,496,848,1,0,,0,0,0,0,0,0,0,1,0,199363.0849747422
473,1.0,706,678,1,0,,0,0,0,0,0,0,0,1,0,201409.32331748836
474,1.0,476,790,1,0,,0,1,0,0,0,0,0,1,0,185257.22327495145
475,1.0,851,678,0,0,,0,0,0,0,0,0,0,1,0,185246.60232300084
476,1.0,138,720,1,0,,1,0,0,0,0,0,0,1,0,197662.39189267193
477,1.0,450,0,0,0,,0,0,0,0,0,0,1,0,0,187053.7619691716
478,1.0,656,0,1,0,,0,0,0,0,0,0,1,0,0,219237.3800970708
479,1.0,0,0,0,0,,0,0,0,0,1,0,1,0,0,151579.46101663203
480,1.0,0,701,1,0,,0,0,0,0,0,0,0,1,0,170204.925413371
481,1.0,504,858,0,0,,0,1,0,0,0,0,1,0,0,216946.96665977853
482,1.0,319,0,1,0,,0,0,0,0,1,0,1,0,0,188920.8038626951
483,1.0,16,1332,1,0,,0,0,0,0,0,0,0,0,0,332691.22190543223
484,1.0,1337,0,1,0,,0,0,0,0,0,0,0,0,0,333916.78630887
485,1.0,0,0,2,0,,0,0,0,0,0,0,0,1,0,161899.03299743606
486,1.0,1034,0,1,0,,0,1,0,0,1,0,0,0,0,294531.20177822374
487,1.0,0,0,1,0,,0,0,0,0,0,0,0,1,0,139117.99267433118
488,1.0,983,0,1,0,,0,0,0,0,0,0,0,0,0,317758.9584307283
489,1.0,747,0,0,0,,0,0,0,0,0,0,0,1,0,150432.7077889999
490,1.0,1206,0,2,0,,0,0,0,0,0,0,1,0,0,267122.39028734504
491,1.0,864,0,1,0,,0,1,0,0,0,0,1,0,0,218110.35499514107
492,1.0,890,0,1,0,,0,1,0,0,0,0,1,0,0,219297.08811613455
493,1.0,0,767,1,0,,0,1,0,0,0,0,0,1,0,162510.9077554432
494,1.0,280,588,0,0,,0,1,0,0,0,0,0,1,1,124279.63422282076
495,1.0,988,1420,2,0,,0,0,0,0,0,0,1,0,0,320144.1929122419
496,1.0,0,0,1,0,,0,1,0,0,0,0,0,1,0,128497.1026044538
497,1.0,1023,1104,1,0,,0,0,0,0,0,0,1,0,0,284947.1676083198
498,1.0,0,896,0,0,,0,1,0,0,0,0,0,1,1,125158.16930378393
499,1.0,252,0,0,0,,0,1,0,0,0,0,0,1,0,117218.24483867016
500,1.0,119,0,0,0,,0,1,0,0,0,0,0,1,1,90855.24519160805
501,1.0,458,504,0,0,,0,1,0,1,0,0,0,1,1,97193.90208365758
502,1.0,483,504,0,0,,0,1,0,1,0,0,0,1,1,98334.99162307441
503,1.0,350,672,0,0,,0,1,0,1,0,0,0,1,1,99714.61595833955
504,1.0,286,601,0,0,,0,1,0,0,1,0,0,1,0,130487.71493865881
505,1.0,378,0,0,0,,0,1,0,1,0,0,0,1,0,91484.15680000134
506,1.0,1012,0,0,0,,0,1,0,0,0,0,1,0,0,202084.5647453836
507,1.0,1728,0,1,0,,0,1,0,0,0,0,0,0,0,341142.53663547116
508,1.0,1375,0,1,0,,0,0,0,0,0,0,0,0,0,335651.24240878347
509,1.0,1420,898,1,0,,0,1,0,0,0,0,0,0,0,366907.5169330486
510,1.0,1082,1158,1,0,,0,1,0,0,0,0,0,0,0,363010.08980114694
511,1.0,1249,917,1,0,,0,0,0,0,0,0,0,0,0,370565.939035543
512,1.0,40,1140,1,0,,0,1,0,0,0,0,1,0,0,231055.1127096377
513,1.0,856,1162,1,0,,0,0,0,0,0,0,0,0,0,363492.9166414814
514,1.0,2257,0,2,144,,0,1,0,0,0,0,0,0,0,397097.9787634195
515,1.0,1149,0,1,0,,0,0,0,0,0,0,1,0,0,241739.66581436983
516,1.0,1075,1134,1,0,,0,1,0,0,0,0,1,0,0,278030.14033131546
517,1.0,0,886,1,0,,0,0,0,0,0,0,1,0,0,228586.2353856121
518,1.0,372,0,1,0,,0,0,0,0,1,0,0,0,0,274936.0408443446
519,1.0,20,0,1,0,,0,0,0,0,1,0,1,0,0,175273.37297127035
520,1.0,1204,0,1,0,,0,0,0,0,1,0,0,0,0,312911.50071613526
521,1.0,846,0,1,0,,0,1,0,0,1,0,1,0,0,202354.08128372356
522,1.0,24,0,1,0,,0,1,0,0,1,0,1,0,0,164835.05722769967
523,1.0,0,862,0,0,,0,1,0,1,0,0,1,0,0,162634.80843459148
524,1.0,1073,0,1,0,,0,1,0,0,1,0,1,0,0,212715.174301628
525,1.0,1087,0,1,0,,0,1,0,0,1,0,1,0,0,213354.18444370138
526,1.0,0,0,1,0,,0,1,0,0,0,0,1,0,0,178674.30051289694
527,1.0,0,702,1,0,,0,0,0,0,0,0,1,0,0,220426.46987351033
528,1.0,0,880,1,0,,0,0,0,0,0,0,1,0,0,228320.15607543485
529,1.0,0,1139,1,0,,0,0,0,0,0,0,1,0,0,239805.91296475203
530,1.0,876,0,1,0,,0,0,0,0,1,0,1,0,0,214344.2788009011
531,1.0,544,884,1,0,,0,0,0,0,0,0,0,1,0,203150.45275148586
532,1.0,0,707,1,0,,0,1,0,0,0,0,1,0,0,210027.312562114
533,1.0,870,1285,1,0,,0,0,0,0,0,0,0,1,0,235813.227575659
534,1.0,0,778,1,0,,0,0,0,0,0,0,0,1,0,173619.6098939788
535,1.0,0,1017,1,0,,0,1,0,0,0,0,1,0,0,223774.74358793758
536,1.0,0,639,1,0,,0,1,0,0,0,0,0,0,0,290607.8742048579
537,1.0,1660,0,1,0,,0,0,0,0,0,0,1,0,0,265063.536000049
538,1.0,851,1061,2,0,,0,0,0,0,0,0,1,0,0,297970.6101773003
539,1.0,0,1250,1,0,,0,0,0,0,0,0,1,0,0,244728.3802030308
540,1.0,228,1089,1,0,,0,1,0,0,0,0,1,0,0,237374.43190954547
541,1.0,1096,0,1,0,,0,0,0,0,0,0,1,0,0,239320.55599080623
542,1.0,0,520,1,0,,0,1,0,0,0,0,1,0,0,201734.50739492362
543,1.0,729,919,1,0,,0,1,0,0,0,0,1,0,0,252702.952491103
544,1.0,666,0,1,0,,0,1,0,0,0,0,1,0,0,209072.92584296016
545,1.0,24,0,0,0,,0,1,0,0,0,0,1,0,0,156988.7061476322
546,1.0,0,0,1,0,,0,1,0,0,0,0,1,0,0,178674.30051289694
547,1.0,902,0,0,0,,0,1,0,0,0,0,1,0,0,197063.7707719497
548,1.0,80,861,0,0,,0,1,0,0,0,0,1,0,0,197727.12772635845
549,1.0,0,828,0,0,,0,1,0,0,0,0,1,0,0,192612.20499424994
550,1.0,80,0,0,0,,0,1,0,0,0,0,1,0,0,159544.7467159258
551,1.0,0,0,0,0,,0,1,0,0,0,0,1,0,0,155893.26018979208
552,1.0,362,855,0,0,,0,0,0,0,0,0,1,0,0,220953.42849067991
553,1.0,602,794,0,0,,0,0,0,0,0,0,1,0,0,229202.7484156126
554,1.0,537,825,0,0,,1,0,0,0,0,0,1,0,0,247926.72645520364
555,1.0,472,850,0,0,,0,1,0,0,0,0,1,0,0,215131.59963575538
556,1.0,397,893,0,0,,0,1,0,0,0,0,1,0,0,213615.23274044183
557,1.0,53,0,1,0,,0,1,0,0,0,0,0,1,0,130916.2124280174
558,1.0,764,0,1,0,,0,1,0,0,0,0,1,0,1,193253.5935401091
559,1.0,890,0,0,0,,0,1,1,0,0,0,0,1,1,107222.1242957046
560,1.0,489,0,0,0,,0,1,0,0,0,0,0,1,0,128035.77367234128
561,1.0,800,0,2,0,,0,1,0,0,0,0,0,1,0,187793.00818889588
562,1.0,190,640,1,0,,0,1,0,0,0,0,0,1,1,145258.7728922279
563,1.0,704,1319,2,0,,0,0,0,0,0,0,1,0,0,302702.4140231506
564,1.0,520,959,1,0,,0,1,0,0,0,0,1,0,0,244937.30600942686
565,1.0,24,0,0,0,,0,0,0,0,1,0,1,0,0,152674.90697447216
566,1.0,390,600,0,0,,0,1,0,0,1,0,1,0,1,165075.09548201482
567,1.0,0,689,0,0,,0,1,0,0,1,0,1,0,1,151220.9417680752
568,1.0,550,792,0,0,,0,1,0,1,0,0,0,1,1,114164.9184772185
569,1.0,1027,0,1,0,,0,0,0,0,1,0,0,0,0,304832.58677706437
570,1.0,1004,0,1,0,,0,0,0,0,1,0,1,0,0,220186.65724271504
571,1.0,964,0,1,0,,0,0,0,0,1,0,0,0,0,301957.0411377341
572,1.0,1141,0,1,0,,0,0,0,0,1,0,0,0,0,310035.95507680497
573,1.0,600,720,0,0,,0,1,0,1,0,0,1,0,1,163431.34374236845
574,1.0,681,917,1,0,,0,0,0,0,0,0,0,1,0,210867.05963346455
575,1.0,612,624,0,0,,0,1,0,1,0,0,1,0,1,159721.79775845277
576,1.0,813,645,0,0,,0,1,0,1,0,0,1,0,1,169827.43524098402
577,1.0,128,924,1,0,,0,0,0,0,1,0,0,0,0,304775.2207069303
578,1.0,560,0,1,0,,1,0,0,0,1,0,1,0,0,220236.97476216525
579,1.0,410,1345,1,0,,0,0,0,0,0,0,1,0,0,267655.17106060556
580,1.0,1044,0,1,0,,0,1,0,0,0,0,0,0,0,309922.32683702785
581,1.0,0,860,1,0,,0,1,0,0,0,0,0,1,0,166635.13706319022
582,1.0,828,0,0,0,,0,0,0,0,0,0,0,1,0,154129.83789671026
583,1.0,301,0,1,0,,0,1,0,0,0,0,0,1,0,142235.82065903192
584,1.0,603,0,1,0,,0,0,0,0,0,0,1,0,0,216818.2702735072
585,1.0,0,0,0,0,,0,1,0,0,0,0,0,1,1,85423.65898398413
586,1.0,732,732,0,0,,0,1,0,0,0,0,0,1,0,171588.8398370946
587,1.0,260,0,0,0,,0,1,0,0,0,0,0,1,1,97290.99019391871
588,1.0,0,0,0,0,,0,0,0,0,0,0,0,1,1,96044.54905386148
589,1.0,583,825,0,0,,0,0,0,0,0,0,0,1,0,179533.065559795
590,1.0,0,0,0,0,,0,0,0,0,0,0,0,1,0,116336.9523512263
591,1.0,0,0,0,0,,0,1,0,0,0,0,0,1,0,105716.06228134895
592,1.0,528,0,0,0,,0,0,0,0,0,0,1,0,0,190613.961332152
593,1.0,120,453,0,0,,0,0,0,0,0,0,0,1,0,141903.17005880782
594,1.0,658,0,0,0,,0,1,0,0,0,0,1,0,0,185926.73686724188
595,1.0,32,0,1,0,,0,1,0,0,0,0,1,0,0,180134.89512335046
596,1.0,531,0,0,0,,0,1,0,0,0,0,0,1,0,129952.80409856146
597,1.0,575,884,1,0,,0,1,0,0,0,0,1,0,0,244121.71161892844
598,1.0,621,0,2,0,,0,1,0,0,0,0,0,1,0,179622.80708667164
599,1.0,1053,0,0,0,,0,1,0,0,0,0,1,0,0,203955.9515900271
600,1.0,958,0,1,0,,0,0,0,0,0,0,0,1,0,182844.54382478248
601,1.0,774,0,0,0,,0,1,0,0,0,0,0,1,0,141044.19442169263
602,1.0,148,0,0,0,,0,1,0,0,0,0,1,0,0,162648.51026313947
603,1.0,500,0,0,0,,0,0,0,0,0,0,0,1,1,118866.33984219721
604,1.0,624,0,0,0,,0,1,0,0,0,0,0,1,1,113905.25388782712
605,1.0,0,0,2,0,,0,1,0,0,0,0,0,1,0,151278.14292755869
606,1.0,0,0,1,0,,0,1,0,0,0,0,0,1,0,128497.1026044538
607,1.0,0,0,0,0,,0,1,0,0,0,0,0,1,1,85423.65898398413
608,1.0,0,0,0,0,,0,1,0,0,0,0,0,1,1,85423.65898398413
609,1.0,0,412,0,0,,0,1,0,0,0,0,0,1,1,103694.43828282067
610,1.0,0,0,0,0,,0,1,0,0,0,0,0,1,1,85423.65898398413
611,1.0,0,182,1,0,,0,1,0,0,0,0,0,1,1,116275.77171579831
612,1.0,744,0,1,0,,0,0,0,0,0,0,0,1,0,173076.81736737478
613,1.0,637,0,1,0,,0,0,0,0,0,0,0,1,0,168192.95413867093
614,1.0,697,0,0,0,,0,0,0,0,0,0,0,1,0,148150.52871016628
615,1.0,432,0,1,0,,0,1,0,0,0,0,0,1,1,127922.72654821108
616,1.0,476,0,0,0,,0,1,0,0,0,0,1,0,0,177619.60502028768
617,1.0,520,0,0,0,,0,1,0,0,0,0,0,1,0,129450.72470121807
618,1.0,315,501,0,0,,0,1,0,0,0,0,0,1,1,122019.00958043437
619,1.0,0,0,0,0,,0,1,0,0,0,0,0,1,1,85423.65898398413
620,1.0,673,424,0,0,,0,1,0,0,0,0,0,1,0,155237.1306016398
621,1.0,0,0,0,0,,0,1,0,0,0,0,0,1,0,105716.06228134895
622,1.0,370,564,0,0,,0,1,0,0,0,0,0,1,1,127323.23932401226
623,1.0,0,0,0,0,,0,1,0,0,0,0,0,1,0,105716.06228134895
624,1.0,0,0,0,0,,0,1,0,0,0,0,0,1,0,105716.06228134895
625,1.0,96,0,0,0,,0,1,0,0,0,0,0,1,1,89805.44281534459
626,1.0,0,375,0,0,,0,1,0,0,0,0,0,1,1,102053.61587006108
627,1.0,0,680,0,0,,0,1,0,0,0,0,0,1,0,135871.71743476845
628,1.0,0,0,0,0,,0,1,0,0,0,0,0,1,1,85423.65898398413
629,1.0,0,728,0,0,,0,1,0,0,0,0,1,0,1,167885.14652726462
630,1.0,0,658,0,0,,0,1,1,0,0,0,0,1,0,116071.7710059348
631,1.0,0,561,0,0,,0,1,0,0,0,0,0,1,1,110302.07448555519
632,1.0,360,780,1,0,,0,1,0,0,0,0,0,0,1,293000.0240642598
633,1.0,0,0,1,0,,0,1,0,0,0,0,1,0,0,178674.30051289694
634,1.0,590,552,2,0,,0,1,1,0,0,0,0,1,1,163570.42700521825
635,1.0,0,0,0,0,,0,1,0,0,0,0,0,1,1,85423.65898398413
636,1.0,0,396,0,0,,0,1,0,0,0,0,1,0,0,173454.49466148933
637,1.0,445,595,1,0,,0,1,0,0,0,0,0,1,1,154902.2913679499
638,1.0,0,0,0,0,,0,1,0,0,0,0,0,1,1,85423.65898398413
639,1.0,0,0,0,0,,0,1,0,0,0,0,0,1,0,105716.06228134895
640,1.0,0,797,0,0,,0,1,1,0,0,0,0,1,1,101943.53839434254
641,1.0,116,720,0,0,,0,1,0,0,0,0,0,1,1,122647.83166814574
642,1.0,0,308,0,0,,0,1,0,0,0,0,0,1,1,99082.39690641534
643,1.0,234,973,0,0,,0,1,1,0,0,0,0,1,0,140721.53287918057
644,1.0,0,656,0,0,,0,1,0,0,0,0,1,0,0,184984.59810250267
645,1.0,0,363,0,0,,0,1,0,0,0,0,0,1,1,101521.4572497066
646,1.0,0,1182,1,0,,0,1,0,0,0,0,0,1,1,160622.3234120035
647,1.0,200,0,0,0,,0,1,0,0,0,1,0,0,1,77040.75178687177
648,1.0,0,0,0,0,,0,1,0,0,0,0,0,1,1,85423.65898398413
649,1.0,406,0,1,0,,0,0,0,0,0,0,0,1,1,137356.883497095
650,1.0,0,473,0,0,,0,0,0,0,0,0,1,0,0,187490.06921197448
651,1.0,175,594,1,0,,0,1,0,0,0,0,0,1,1,142534.1777905524
652,1.0,600,378,0,0,,0,1,0,0,0,0,1,0,1,179750.0023795957
653,1.0,0,554,0,0,,0,1,0,0,0,0,0,1,1,109991.64862368176
654,1.0,521,658,1,0,,0,1,0,0,0,0,1,0,1,211342.234233081
655,1.0,0,0,1,0,,0,1,0,0,0,0,0,1,1,108204.69930708899
656,1.0,201,672,0,0,,0,1,0,0,0,0,0,1,1,124398.90162074492
657,1.0,264,468,1,0,,0,1,0,0,0,0,0,1,1,141008.7910371543
658,1.0,0,0,0,0,,0,1,0,0,0,0,0,1,1,85423.65898398413
659,1.0,68,651,1,0,,0,0,0,0,0,0,0,1,0,171091.36137577443
660,1.0,500,0,0,0,,0,0,0,0,0,0,0,1,1,118866.33984219721
661,1.0,80,512,0,0,,0,1,0,0,0,0,0,1,1,111780.5799785749
662,1.0,0,0,0,0,,0,1,0,0,0,0,0,1,0,105716.06228134895
663,1.0,300,764,1,0,,0,1,0,0,0,0,0,1,1,155778.53927599118
664,1.0,203,676,0,0,,0,1,0,0,0,0,0,1,1,124667.57499068308
665,1.0,0,546,0,0,,0,1,0,0,0,0,1,0,1,159814.0741185553
666,1.0,196,742,0,0,,0,1,1,0,0,0,0,1,1,108450.62004007884
667,1.0,0,784,0,0,,0,1,0,0,0,0,0,1,1,120191.35551380897
668,1.0,0,0,0,0,,0,0,0,0,0,0,0,1,1,96044.54905386148
669,1.0,372,768,0,0,,0,1,0,0,0,0,0,1,1,136461.2230331915
670,1.0,0,0,1,0,,0,1,0,0,0,0,0,1,1,108204.69930708899
671,1.0,0,428,0,0,,0,1,0,0,0,0,0,1,1,104403.98310995997
672,1.0,0,0,0,0,,0,1,0,0,0,0,0,1,1,85423.65898398413
673,1.0,121,448,1,0,,0,1,0,0,0,0,0,1,1,133594.82783776618
674,1.0,0,0,0,0,,0,1,0,0,0,0,0,1,1,85423.65898398413
675,1.0,0,536,0,0,,0,1,1,0,0,0,0,1,0,110661.4916989978
676,1.0,0,0,0,0,,0,1,0,0,0,0,0,1,1,85423.65898398413
677,1.0,784,0,0,0,,0,1,0,0,0,0,1,0,1,171385.42484853772
678,1.0,528,0,1,0,,0,1,0,0,0,0,0,1,0,152596.91367693635
679,1.0,758,0,0,0,,0,0,0,0,0,0,1,0,0,201111.98509478642
680,1.0,450,0,1,0,,0,0,0,0,0,0,0,1,0,159657.60438383336
681,1.0,221,0,0,0,,0,0,0,0,0,0,0,1,0,126424.18387967069
682,1.0,104,0,0,0,,0,0,0,0,0,0,0,1,0,121083.88483520012
683,1.0,1300,0,0,0,,0,1,1,0,0,0,0,1,0,146228.39603950473
684,1.0,634,0,0,0,,0,1,0,0,0,0,1,0,0,184831.29090940175
685,1.0,776,0,1,0,,0,1,0,0,0,0,0,1,0,163916.52190795087
686,1.0,988,0,2,0,,0,1,0,0,0,0,0,1,0,196374.0015253101
687,1.0,336,486,0,0,,0,1,0,0,0,0,1,0,0,192781.9277239094
688,1.0,704,0,0,0,,0,1,0,0,0,0,1,0,0,188026.3416197688
689,1.0,599,0,2,0,,0,0,0,0,0,0,0,1,0,189239.5383618623
690,1.0,0,462,1,0,,0,1,0,0,0,0,0,1,0,148985.2094881006
691,1.0,1035,0,2,0,,0,1,0,0,0,1,0,0,0,181007.626346967
692,1.0,870,0,1,0,,0,1,0,0,0,0,1,0,0,218384.21648460111
693,1.0,864,0,0,0,,0,1,0,0,0,0,0,1,0,145152.11676359305
694,1.0,324,648,0,0,,0,1,0,0,0,0,0,1,1,128948.74491396658
695,1.0,779,1721,1,0,,0,0,0,0,0,0,1,0,0,301171.9561001705
696,1.0,1271,0,1,0,,0,1,0,0,0,0,1,0,0,236687.2926968464
697,1.0,355,1099,1,0,,1,0,0,0,0,0,1,0,0,274551.59009611455
698,1.0,0,735,1,0,,0,0,0,0,0,0,1,0,0,221889.9060794851
699,1.0,0,728,1,0,,0,0,0,0,0,0,1,0,0,221579.48021761168
700,1.0,0,0,1,0,,0,0,0,0,0,0,1,0,0,189295.19058277432
701,1.0,2085,0,2,0,,0,1,0,0,0,0,0,0,0,380218.33558144775
702,1.0,1153,0,2,0,,0,1,0,0,0,0,0,0,0,337678.51755198993
703,1.0,770,0,1,0,,1,0,0,0,0,0,1,0,0,244756.81613630368
704,1.0,262,0,1,0,,0,0,0,0,0,0,0,1,0,151076.61104741908
705,1.0,722,0,0,0,,0,1,0,0,0,0,0,1,1,118378.32488234092
706,1.0,1308,0,1,0,,0,0,0,0,0,0,1,0,0,248996.99528506058
707,1.0,688,899,0,0,,0,0,0,0,0,0,1,0,0,237784.48435930783
708,1.0,527,870,0,0,,0,0,0,0,0,0,1,0,0,229149.81772627376
709,1.0,663,895,0,0,,0,0,0,0,0,0,1,0,0,236466.00861310624
710,1.0,781,0,0,0,,0,0,0,0,0,0,0,1,0,151984.5895626067
711,1.0,294,0,1,0,,0,0,0,0,0,0,0,1,1,132244.8023605078
712,1.0,88,0,0,0,,0,0,0,0,0,0,0,1,0,120353.58752997339
713,1.0,0,871,1,0,,0,1,0,0,0,0,1,0,0,217300.14704029166
714,1.0,1194,581,1,0,,0,0,0,0,0,0,1,0,0,269558.97352081526
715,1.0,1538,0,1,0,,1,0,0,0,0,0,1,0,0,279811.0867871874
716,1.0,0,1198,1,0,,1,0,0,0,0,0,1,0,0,262738.4272543205
717,1.0,0,878,1,0,,0,0,0,0,0,0,1,0,0,228231.46297204247
718,1.0,662,0,0,0,,0,1,0,0,1,0,1,0,0,171174.62195051118
719,1.0,1593,0,0,0,,0,1,0,0,0,0,0,1,0,178426.28773298656
720,1.0,24,0,0,0,,0,1,0,0,0,0,1,0,0,156988.7061476322
721,1.0,56,0,0,0,,0,1,0,0,0,0,1,0,0,158449.30075808568
722,1.0,24,0,0,0,,0,1,0,0,0,0,1,0,0,156988.7061476322
723,1.0,609,0,0,0,,0,1,0,0,0,0,0,1,0,133513.00346154184
724,1.0,456,0,0,0,,0,1,0,0,0,0,0,1,0,126529.53548031111
725,1.0,1033,0,1,0,,0,1,0,0,0,0,0,1,1,155354.51907579062
726,1.0,368,0,1,0,,0,0,0,0,0,0,0,1,0,155914.83069454628
727,1.0,288,714,1,0,,0,1,0,0,0,0,0,1,0,173305.89200962568
728,1.0,0,0,2,0,,0,0,0,0,0,0,0,0,0,295672.3580639651
729,1.0,0,0,0,0,,0,1,0,0,0,0,0,1,0,105716.06228134895
730,1.0,0,0,0,0,,0,1,0,0,0,0,0,1,0,105716.06228134895
731,1.0,784,0,0,0,,0,1,1,0,0,0,0,1,0,122676.30794594227
732,1.0,0,468,0,0,,0,1,0,0,0,0,0,0,0,260243.57354170203
733,1.0,0,208,0,0,,0,1,0,0,0,0,0,1,0,114940.14503415962
734,1.0,767,0,0,0,,0,1,0,0,0,0,0,1,0,140724.68935065594
735,1.0,0,0,0,0,,0,1,0,0,0,0,0,1,0,105716.06228134895
736,1.0,224,343,0,0,,0,1,0,0,0,0,1,0,1,161035.88639740006
737,1.0,0,0,1,0,,0,1,0,0,0,0,0,1,0,128497.1026044538
738,1.0,281,960,2,0,,0,1,0,0,0,0,0,1,1,186384.27568159552
739,1.0,379,644,1,0,,0,1,0,0,0,0,0,1,1,154062.79601700362
740,1.0,0,588,0,0,,0,1,0,0,0,0,0,1,1,111499.43138135273
741,1.0,406,714,1,0,,0,1,0,0,0,0,1,0,1,208576.62924675125
742,1.0,0,784,1,0,,0,0,0,0,0,0,0,1,0,173885.68920415605
743,1.0,606,673,1,0,,0,0,0,0,0,0,1,0,1,226508.02701241855
744,1.0,0,442,0,0,,0,0,0,0,0,0,0,1,1,115645.72490358418
745,1.0,500,0,1,0,,0,0,0,0,0,0,0,1,0,161939.7834626669
746,1.0,210,890,2,0,,0,0,0,0,0,0,0,1,1,190660.21284079485
747,1.0,435,943,2,0,,0,1,0,0,0,0,1,0,0,263129.09707137535
748,1.0,1116,0,2,0,,0,0,0,0,0,0,0,1,0,212837.2700370014
749,1.0,366,516,1,0,,0,1,0,1,0,0,0,1,1,116307.89152206319
750,1.0,299,0,0,0,,0,1,0,0,0,0,0,1,1,99071.0898754089
751,1.0,0,330,0,0,,0,1,0,0,0,0,0,1,1,100058.02104373182
752,1.0,0,420,0,0,,0,1,0,0,0,0,0,1,0,124341.6139937551
753,1.0,257,564,1,0,,0,1,0,0,0,0,0,1,0,165238.95822631806
754,1.0,0,0,0,0,,0,1,0,0,0,0,0,1,1,85423.65898398413
755,1.0,330,804,0,0,,0,1,0,0,0,0,0,1,0,156433.07176539948
756,1.0,0,0,0,0,,0,1,0,0,0,1,0,0,0,88204.4387689023
757,1.0,0,536,0,0,,0,1,0,0,0,0,0,1,1,109193.41069315009
758,1.0,0,378,0,0,,0,1,0,0,0,0,0,1,1,102186.6555251497
759,1.0,0,432,0,0,,0,1,0,0,0,1,0,0,1,87069.74580429813
760,1.0,1476,0,1,0,,0,0,0,0,1,0,0,0,0,325326.5549049899
761,1.0,1474,0,1,0,,0,0,0,0,1,0,0,0,0,325235.26774183655
762,1.0,700,0,0,0,,1,0,0,0,0,0,1,0,0,218780.7251028318
763,1.0,0,910,1,0,,0,1,0,0,0,0,1,0,0,219029.66255644363
764,1.0,0,936,0,0,,0,1,0,0,0,0,0,1,0,147224.43466899695
765,1.0,1383,0,1,0,,0,1,0,0,0,0,0,1,0,191622.17592499044
766,1.0,893,0,1,0,,0,0,0,0,1,0,1,0,0,215120.2196877045
767,1.0,1036,0,0,0,,0,0,0,0,0,0,1,0,0,213800.90077310105
768,1.0,770,860,1,0,,0,0,0,0,0,0,1,0,0,262578.78285554773
769,1.0,0,730,0,0,,0,1,0,0,0,0,0,1,0,138089.0450195787
770,1.0,0,816,0,0,,0,0,0,0,0,0,1,0,0,202700.93644377284
771,1.0,0,0,1,0,,0,0,0,0,0,0,0,1,0,139117.99267433118
772,1.0,920,0,1,0,,0,1,0,0,0,0,1,0,0,220666.39556343466
773,1.0,1029,0,1,0,,0,0,0,0,0,0,1,0,0,236262.43602516924
774,1.0,1223,0,0,0,,0,0,0,0,0,0,1,0,0,222336.25052793862
775,1.0,1011,0,1,0,,0,0,0,0,0,0,1,0,0,235440.85155678916
776,1.0,1571,0,1,0,,0,0,0,0,0,0,1,0,0,261001.25723972518
777,1.0,1309,0,0,0,,0,0,0,0,0,0,0,1,0,176084.40063508926
778,1.0,0,0,0,0,,0,1,0,0,0,0,0,1,0,105716.06228134895
779,1.0,864,0,0,0,,0,1,0,0,1,0,0,1,0,130217.42752055562
780,1.0,865,0,0,0,,0,1,0,0,0,0,0,1,0,145197.76034516975
781,1.0,769,0,0,0,,0,1,0,0,1,0,0,1,0,125881.28727077189
782,1.0,318,550,1,0,,0,1,0,0,1,0,0,1,0,152467.67573571077
783,1.0,501,462,0,0,,0,1,0,1,0,0,0,1,0,117586.42421757872
784,1.0,437,462,1,0,,0,1,0,1,0,0,0,1,0,137446.2753197766
785,1.0,785,0,0,0,,0,0,0,0,0,0,1,0,0,202344.36179735654
786,1.0,358,546,0,0,,0,1,0,1,0,0,0,1,0,114784.50239459588
787,1.0,534,0,0,0,,0,1,0,0,0,0,0,1,0,130089.73484329146
788,1.0,638,0,0,0,,0,1,0,0,0,0,1,0,0,185013.86523570845
789,1.0,647,0,0,0,,0,1,0,0,0,0,0,1,0,135247.45956145535
790,1.0,0,686,0,0,,0,0,0,0,0,0,0,1,1,126466.2835174582
791,1.0,838,0,1,0,,0,1,0,0,0,0,0,1,0,166746.4239657045
792,1.0,0,630,1,0,,0,0,0,0,0,0,0,1,0,167056.32024294045
793,1.0,186,770,1,0,,0,0,0,0,0,0,0,1,0,181754.54365367006
794,1.0,871,767,1,0,,0,0,0,0,0,0,0,1,0,212887.3573786014
795,1.0,414,862,0,0,,0,1,0,0,0,0,1,0,0,213016.43052466292
796,1.0,0,1342,1,0,,0,1,0,0,0,0,0,1,0,188010.17498076113
797,1.0,0,0,0,0,,0,0,0,0,0,0,1,0,0,166514.15025966943
798,1.0,0,732,1,0,,0,0,0,0,0,0,0,1,0,171579.66851595335
799,1.0,550,0,1,0,,0,1,0,0,0,0,0,1,0,153601.07247162313
800,1.0,248,0,0,0,,0,0,0,0,1,0,0,1,0,112721.87133920341
801,1.0,926,0,1,0,,0,0,0,0,1,0,1,0,0,216626.45787973466
802,1.0,986,1377,1,0,,0,0,0,0,0,0,0,0,0,378961.0908611328
803,1.0,1101,0,2,0,,0,0,0,0,0,0,1,0,0,262329.8142217945
804,1.0,1047,0,0,0,,0,0,1,0,0,0,0,1,0,145301.4599704842
805,1.0,797,0,1,0,,0,0,0,0,1,0,0,0,0,294334.56301442994
806,1.0,1558,0,1,0,,0,0,0,0,0,0,1,0,0,260407.89067922844
807,1.0,1152,0,1,0,,0,0,0,0,0,0,0,0,0,325472.7237171857
808,1.0,256,0,0,0,,0,0,0,0,0,0,0,1,0,128021.7092348542
809,1.0,321,754,1,0,,0,1,0,0,0,0,1,0,0,226763.1901779472
810,1.0,1328,0,1,0,,0,1,0,0,0,0,1,0,0,239288.97684671663
811,1.0,758,845,1,0,,0,0,0,0,0,0,1,0,0,261365.86160118468
812,1.0,781,0,0,0,,0,1,0,0,0,0,1,0,0,191540.89740117246
813,1.0,903,0,1,0,,0,1,0,0,0,0,0,1,0,169713.25676818815
814,1.0,492,0,1,0,,0,0,0,0,0,0,0,1,0,161574.63481005357
815,1.0,624,0,1,0,,0,0,0,0,0,0,1,0,0,217776.78548661733
816,1.0,931,793,1,0,,0,1,0,0,0,0,0,1,0,206158.0925474256
817,1.0,566,0,0,0,,0,1,0,0,0,0,0,1,1,111257.92615638017
818,1.0,81,0,0,0,,0,1,0,0,0,0,0,0,0,243186.5174555884
819,1.0,314,0,0,0,,0,1,0,0,0,0,0,1,0,120048.1468964238
820,1.0,0,0,1,0,,0,0,0,0,1,0,1,0,0,174360.50133973692
821,1.0,930,0,1,0,,1,0,0,0,1,0,1,0,0,237125.0999455337
822,1.0,312,567,0,0,,0,1,0,1,0,0,0,1,1,93323.77193032451
823,1.0,0,546,0,0,,0,1,0,1,0,0,0,0,1,211925.02195931177
824,1.0,632,0,0,0,,0,1,0,1,0,0,0,1,0,103077.62652047584
825,1.0,725,0,0,0,,0,1,0,0,0,0,0,1,1,118515.25562707092
826,1.0,1151,0,1,0,,0,1,0,0,0,0,0,0,0,314806.1900657317
827,1.0,0,0,1,0,,0,1,0,0,0,0,1,0,0,178674.30051289694
828,1.0,1518,0,1,0,,0,1,0,0,0,0,1,0,0,247961.2573462842
829,1.0,1304,713,1,0,,0,1,0,0,0,0,0,0,0,353408.7494063568
830,1.0,0,1402,1,0,,0,1,0,0,0,0,0,0,0,324444.2931490625
831,1.0,1430,0,2,0,,0,1,0,0,0,0,0,0,0,350321.7896487279
832,1.0,1812,0,2,0,,0,1,0,0,0,0,0,0,0,367757.6378110164
833,1.0,0,1036,1,0,,0,0,0,0,0,0,0,0,0,318834.3452981288
834,1.0,1684,0,1,0,,1,0,0,0,0,0,0,0,0,370071.1768554673
835,1.0,0,570,1,0,,0,0,0,0,0,0,1,0,1,194280.32175224647
836,1.0,778,1142,2,0,,0,0,0,0,0,0,0,0,0,381826.8265676818
837,1.0,0,0,1,0,,0,0,0,0,0,0,0,0,0,272891.3177408602
838,1.0,0,1238,1,0,,0,0,0,0,0,0,0,0,0,327792.3487407622
839,1.0,938,1168,1,0,,0,1,0,0,0,0,1,0,0,273284.7524129824
840,1.0,669,923,1,0,,0,1,0,0,0,0,0,0,0,333737.8509613734
841,1.0,1178,0,0,0,,0,0,0,0,0,0,1,0,0,220282.28935698842
842,1.0,119,0,0,0,,0,0,0,0,0,0,1,0,0,171945.73646729335
843,1.0,0,530,0,0,,0,0,0,0,0,0,1,0,0,190017.82265865817
844,1.0,866,0,1,0,,0,1,0,1,0,0,1,0,0,186716.462840965
845,1.0,1030,0,1,0,,0,1,0,1,0,0,1,0,0,194202.01021953914
846,1.0,762,0,1,0,,0,0,0,0,1,0,1,0,0,209140.91050116057
847,1.0,24,0,1,0,,0,1,0,1,0,0,1,0,0,148284.56715340764
848,1.0,848,0,1,0,,0,0,0,0,1,0,0,0,0,296662.3856748402
849,1.0,24,0,1,0,,0,1,0,0,1,0,1,0,0,164835.05722769967
850,1.0,1000,0,1,0,,0,1,0,0,1,0,1,0,0,209383.19284653096
851,1.0,0,728,0,0,,0,0,0,0,0,0,1,0,0,198798.4398945068
852,1.0,0,768,1,0,,0,1,0,0,0,0,1,0,0,212732.4522155825
853,1.0,0,850,0,0,,0,0,0,0,0,0,1,0,0,204208.7192014438
854,1.0,0,757,1,0,,0,0,0,0,0,0,1,0,0,222865.53021680165
855,1.0,0,1048,1,0,,0,0,0,0,0,0,1,0,0,235770.3767603973
856,1.0,918,0,0,0,,0,0,0,0,0,0,1,0,0,208414.95814705387
857,1.0,0,752,0,0,,0,0,0,0,0,0,1,0,0,199862.7571352157
858,1.0,0,728,0,0,,0,1,0,0,0,0,1,0,0,188177.54982462942
859,1.0,0,0,0,0,,0,1,0,0,0,0,1,0,0,155893.26018979208
860,1.0,1084,0,1,0,,0,1,0,0,1,0,1,0,0,213217.25369897138
861,1.0,0,0,1,0,,0,1,0,0,0,0,1,0,0,178674.30051289694
862,1.0,779,0,0,0,,1,0,0,0,0,0,1,0,0,222386.56804738884
863,1.0,192,630,1,0,,0,0,0,0,0,0,1,0,0,225997.0858141045
864,1.0,0,0,1,0,,0,0,0,0,0,0,1,0,0,189295.19058277432
865,1.0,0,640,1,0,,0,0,0,0,0,0,1,0,0,217676.98366834564
866,1.0,0,1101,1,0,,0,1,0,0,0,0,1,0,0,227499.85393041882
867,1.0,574,1131,1,0,,0,0,0,0,0,0,1,0,0,265650.5563761918
868,1.0,520,750,1,0,,0,0,0,0,0,0,0,1,0,196112.56886635424
869,1.0,0,683,1,0,,0,0,0,0,0,0,0,1,0,169406.68748283933
870,1.0,1181,772,2,0,,0,0,0,0,0,0,1,0,0,300216.8386573986
871,1.0,672,1407,1,0,,0,0,0,0,0,0,1,0,0,282363.2756388582
872,1.0,1048,1171,1,0,,0,0,0,0,0,0,1,0,0,289059.47611138225
873,1.0,0,1277,1,0,,0,1,0,0,0,0,1,0,0,235304.84702895096
874,1.0,335,1097,1,0,,0,1,0,0,0,0,1,0,0,242613.06755181894
875,1.0,1225,1203,1,0,,0,0,0,0,0,0,1,0,0,298557.4797047317
876,1.0,0,0,0,0,,0,1,0,0,0,0,1,0,0,155893.26018979208
877,1.0,1220,0,1,0,,0,1,0,0,0,0,1,0,0,234359.47003643613
878,1.0,28,0,1,0,,0,1,0,0,0,0,1,0,0,179952.32079704377
879,1.0,1572,0,1,0,,0,0,0,0,0,0,0,0,0,344643.0279793878
880,1.0,0,0,1,0,,0,1,0,0,0,0,1,0,0,178674.30051289694
881,1.0,769,0,0,0,,0,1,0,0,0,0,1,0,0,190993.17442225243
882,1.0,778,0,1,0,,0,1,0,0,0,0,1,0,0,214185.00697954735
883,1.0,0,995,0,0,,0,1,0,0,0,0,1,0,0,200018.07912751622
884,1.0,0,528,0,0,,0,1,0,0,0,0,1,0,0,179308.23948538836
885,1.0,24,0,0,0,,0,1,0,0,0,0,1,0,0,156988.7061476322
886,1.0,0,0,0,0,,0,1,0,0,0,0,1,0,0,155893.26018979208
887,1.0,350,896,0,0,,0,1,0,0,0,0,1,0,0,211603.0240614269
888,1.0,0,863,0,0,,0,1,0,0,0,0,1,0,0,194164.3343036171
889,1.0,745,925,1,0,,0,0,0,0,0,0,0,0,0,347916.34633447026
890,1.0,0,0,1,0,,0,1,0,0,0,0,0,0,0,262270.42767098284
891,1.0,0,0,1,0,,0,0,0,0,0,0,1,0,0,189295.19058277432
892,1.0,0,1285,1,0,,0,1,0,0,0,0,1,0,0,235659.61944252058
893,1.0,0,0,0,0,,0,1,0,0,0,0,0,1,0,105716.06228134895
894,1.0,0,0,0,0,,0,1,0,0,0,0,1,0,0,155893.26018979208
895,1.0,729,0,0,0,,0,1,0,0,0,0,1,0,1,168875.02786182077
896,1.0,0,0,0,0,,0,0,0,0,0,0,1,0,0,166514.15025966943
897,1.0,480,900,0,0,,1,0,0,0,0,0,1,0,0,248651.0336825487
898,1.0,0,636,2,0,,0,1,0,0,1,0,0,1,0,164547.86056330777
899,1.0,138,0,0,0,,0,1,0,0,0,0,0,1,1,91722.4732415648
900,1.0,812,0,0,0,,0,1,0,0,0,0,0,1,1,122486.24722424134
901,1.0,727,1232,1,0,,0,0,0,0,0,0,1,0,0,277113.0260787392
902,1.0,787,0,0,0,,0,0,0,0,0,0,0,1,0,152258.45105206675
903,1.0,968,0,1,0,,0,0,0,0,0,0,1,0,0,233478.1775489923
904,1.0,851,0,1,0,,0,0,0,0,1,0,1,0,0,213203.18926148434
905,1.0,60,0,0,0,,0,0,0,0,1,0,1,0,0,154318.07591123233
906,1.0,60,0,0,0,,0,0,0,0,1,0,1,0,0,154318.07591123233
907,1.0,937,0,1,0,,0,1,0,0,1,0,1,0,0,206507.64720720067
908,1.0,0,0,0,0,,1,0,0,0,1,0,1,0,0,171895.52875612437
909,1.0,565,744,1,0,,0,1,0,1,0,0,0,1,1,135501.9780425556
910,1.0,417,804,0,0,,0,1,0,1,0,0,1,0,1,158803.6786563188
911,1.0,0,0,0,0,,0,0,0,0,0,0,1,0,1,146221.74696230463
912,1.0,964,976,2,0,,0,0,0,0,0,0,1,0,1,279066.47470392194
913,1.0,901,1142,2,0,,0,0,0,0,0,0,1,0,0,303844.85994352645
914,1.0,457,0,1,0,,1,0,0,0,1,0,1,0,0,215535.6858597681
915,1.0,1732,0,1,0,,0,1,0,0,0,0,1,0,0,257728.9838036919
916,1.0,1632,0,2,0,,0,0,0,0,0,0,1,0,0,286566.55603900703
917,1.0,0,0,0,0,,0,1,0,0,0,0,0,1,0,105716.06228134895
918,1.0,915,1008,1,0,,0,1,0,0,0,0,0,1,0,214962.30385688297
919,1.0,973,0,0,0,,0,0,0,0,0,0,0,1,0,160748.15722532762
920,1.0,910,0,0,0,,0,1,0,0,0,0,0,1,0,147251.72151611996
921,1.0,346,0,1,0,,0,0,0,0,0,0,1,0,0,205087.86980830264
922,1.0,0,0,1,0,,0,1,0,0,0,0,1,0,0,178674.30051289694
923,1.0,819,984,1,0,,0,1,0,0,0,0,1,0,0,259693.40069325673
924,1.0,792,0,1,0,,0,0,0,0,0,0,0,1,0,175267.70928305498
925,1.0,617,0,0,0,,0,1,0,0,0,0,0,1,0,133878.15211415524
926,1.0,474,0,0,0,,0,1,0,0,0,0,1,0,0,177528.31785713433
927,1.0,0,0,0,0,,0,0,0,0,0,0,0,1,0,116336.9523512263
928,1.0,438,0,1,0,,0,0,0,0,0,0,1,0,1,188994.6760159916
929,1.0,311,0,1,0,,0,0,0,0,0,0,0,1,0,153313.14654467598
930,1.0,700,0,1,0,,0,0,0,0,0,0,0,1,1,150776.09648063642
931,1.0,0,0,0,0,,0,1,0,0,0,0,0,1,1,85423.65898398413
932,1.0,654,0,1,0,,0,1,0,0,0,0,0,1,0,158348.00495559693
933,1.0,494,0,0,0,,0,1,0,0,0,0,0,1,0,128263.99158022468
934,1.0,414,1309,1,0,,0,1,0,0,0,0,0,1,0,205443.18154752837
935,1.0,54,0,1,0,,0,0,0,0,0,0,0,1,0,141582.74607947143
936,1.0,1386,0,1,0,,0,1,0,0,0,0,1,0,0,241936.30457816357
937,1.0,130,0,0,0,,0,1,0,0,0,0,0,1,0,111649.72788631625
938,1.0,299,0,0,0,,0,1,0,0,0,0,1,0,0,169540.69108121685
939,1.0,144,228,0,0,,0,1,0,0,0,1,0,0,0,104888.12830267774
940,1.0,150,0,0,0,,0,1,0,0,0,0,0,1,1,92270.19622048484
941,1.0,368,0,0,0,,0,1,0,0,0,0,0,1,0,122512.90030156405
942,1.0,0,0,0,0,,0,1,0,0,0,0,0,1,1,85423.65898398413
943,1.0,602,0,1,0,,0,0,0,0,0,0,0,1,0,166595.4287834874
944,1.0,600,0,1,0,,0,0,0,0,0,0,0,1,0,166504.14162033406
945,1.0,873,0,0,0,,0,1,0,0,0,0,1,0,0,195740.10690622622
946,1.0,908,0,0,0,,0,0,0,0,0,1,0,0,1,119977.29761303253
947,1.0,288,0,0,0,,0,1,0,0,0,0,1,0,0,169038.61168387346
948,1.0,0,0,1,0,,0,1,0,0,0,0,0,1,0,128497.1026044538
949,1.0,668,0,3,0,,0,1,0,0,0,0,0,1,0,204549.09574388014
950,1.0,512,0,0,0,,0,1,0,0,0,0,0,1,0,129085.57604860474
951,1.0,780,0,1,0,,0,0,0,0,0,0,0,1,0,174719.98630413495
952,1.0,288,0,0,0,,0,1,0,0,0,0,0,1,0,118861.41377543032
953,1.0,408,0,0,0,,0,1,0,0,0,0,0,0,1,237819.56533379515
954,1.0,0,0,0,0,,0,1,0,0,0,0,0,1,1,85423.65898398413
955,1.0,441,0,0,0,,0,1,0,0,0,0,0,1,1,105552.47845929627
956,1.0,85,0,0,0,,0,1,0,0,0,0,0,1,0,109595.76671536601
957,1.0,114,0,0,0,,0,1,0,0,0,0,1,0,1,140804.22519216783
958,1.0,150,500,0,0,,0,1,0,0,0,1,0,0,1,96931.84855614074
959,1.0,793,0,2,0,,0,1,0,0,0,0,0,1,0,187473.5031178592
960,1.0,595,0,1,368,,0,1,0,0,0,0,0,1,0,178729.0096945775
961,1.0,292,0,0,0,,0,1,0,0,0,0,0,1,1,98751.5848043722
962,1.0,0,544,0,0,,0,1,0,0,0,0,0,1,0,129840.58640408452
963,1.0,198,0,1,0,,0,0,0,0,0,0,0,1,0,148155.42182651215
964,1.0,0,1778,0,0,,0,1,0,0,0,0,1,0,0,234741.42910564484
965,1.0,1030,436,0,0,,0,1,0,0,0,0,0,1,1,151771.6445475012
966,1.0,0,783,0,0,,0,1,0,0,0,0,1,0,0,190616.61016792068
967,1.0,242,616,2,0,,0,0,0,0,0,0,0,1,0,200262.25558385294
968,1.0,192,0,0,0,,0,0,0,0,0,0,0,1,0,125100.52001394721
969,1.0,952,0,0,0,,0,0,0,0,0,0,0,1,0,159789.64201221755
970,1.0,432,0,1,0,,0,1,0,0,0,0,0,1,0,148215.1298455759
971,1.0,574,0,0,0,,0,1,0,0,0,0,1,0,0,182092.67601480146
972,1.0,625,0,1,0,,0,1,0,0,0,0,0,1,0,157024.34108987346
973,1.0,739,0,0,0,,0,1,0,0,0,0,0,1,0,139446.66906650912
974,1.0,1098,0,2,0,,0,1,0,0,0,0,0,1,0,201394.79549874394
975,1.0,0,0,0,0,,0,1,0,0,0,0,0,1,0,105716.06228134895
976,1.0,110,0,0,0,,0,1,0,0,0,0,0,1,1,90444.452957418
977,1.0,734,0,1,0,,0,1,0,0,0,0,0,1,0,161999.49148173066
978,1.0,0,0,0,0,,0,1,0,0,0,0,0,1,1,85423.65898398413
979,1.0,276,430,0,0,,0,1,0,0,0,0,0,1,1,117090.30472851366
980,1.0,782,0,1,0,,0,1,0,0,0,1,0,0,1,126386.35658759945
981,1.0,0,0,1,0,,0,1,0,0,0,0,0,1,1,108204.69930708899
982,1.0,0,0,2,0,,0,1,0,0,0,0,0,1,1,130985.73963019387
983,1.0,130,494,1,0,,0,1,0,0,0,0,1,0,1,186222.7593584248
984,1.0,122,380,0,0,,0,1,0,0,0,0,0,1,1,107843.86558089602
985,1.0,0,642,0,0,,0,1,0,0,0,0,0,1,1,113894.1451729478
986,1.0,0,863,0,0,,0,0,0,0,0,0,1,0,1,184492.82107612968
987,1.0,196,728,1,0,,0,1,0,0,0,0,0,1,1,149435.13093095398
988,1.0,168,616,0,0,,0,1,0,0,0,0,0,1,1,120409.2565337273
989,1.0,259,659,0,0,,0,1,0,0,0,0,0,1,1,126469.72418014119
990,1.0,316,671,1,0,,0,1,0,0,0,0,1,0,1,202561.805181914
991,1.0,0,1142,1,0,,0,1,0,0,0,0,0,1,0,179140.86464152008
992,1.0,0,0,0,0,,0,1,0,0,0,0,0,1,0,105716.06228134895
993,1.0,0,0,1,0,,0,1,0,0,0,0,0,1,0,128497.1026044538
994,1.0,317,144,1,0,,0,1,0,0,0,0,0,1,1,129059.61811114739
995,1.0,910,525,0,0,,0,1,0,0,0,0,0,1,1,150241.25785926284
996,1.0,306,546,0,0,,0,1,0,0,0,0,0,1,1,123603.8121725736
997,1.0,276,624,2,0,,0,1,0,0,0,0,0,1,0,191548.01970115205
998,1.0,0,0,0,0,,0,1,0,0,0,0,0,1,1,85423.65898398413
999,1.0,52,548,1,0,,0,1,0,0,0,0,0,1,1,134880.07587859637
1000,1.0,48,423,0,0,,0,1,0,0,0,0,0,1,1,106373.14226715917
1001,1.0,0,412,1,0,,0,1,0,0,0,0,0,1,1,126475.47860592553
1002,1.0,351,378,0,0,,0,1,0,0,0,0,1,0,1,168384.7505670045
1003,1.0,0,1164,0,0,,0,1,0,0,0,0,0,1,1,137043.04515836693
1004,1.0,0,624,0,0,,0,1,0,0,0,0,1,0,1,163273.10515085928
1005,1.0,0,356,0,0,,0,1,0,0,0,0,0,1,1,101211.03138783317
1006,1.0,336,672,1,0,,0,0,0,0,0,0,1,0,0,234432.3167323858
1007,1.0,0,240,0,0,,0,1,0,0,0,0,0,1,1,96066.83139107337
1008,1.0,0,245,0,0,,0,1,0,0,0,0,0,1,1,96288.5641495544
1009,1.0,375,797,1,0,,0,1,0,0,0,0,0,1,0,180957.64739758114
1010,1.0,354,976,2,0,,0,1,0,0,0,0,1,0,1,240602.999872275
1011,1.0,375,1042,1,0,,0,1,0,0,0,0,0,1,1,171530.1492657866
1012,1.0,681,477,0,0,,0,1,1,0,0,0,0,1,1,118835.9209052701
1013,1.0,0,504,0,0,,0,1,0,0,0,0,0,1,1,107774.32103887152
1014,1.0,288,1005,2,0,,0,1,0,0,0,0,0,1,0,208991.77887632628
1015,1.0,485,504,0,0,,0,0,1,0,0,0,0,1,1,121708.0258819174
1016,1.0,925,0,0,0,,0,1,1,0,0,0,0,1,1,108819.64965088812
1017,1.0,785,0,1,0,,0,1,0,0,0,0,0,1,1,144034.9108447761
1018,1.0,513,0,0,0,,0,1,0,0,0,0,0,1,1,108838.81633281657
1019,1.0,68,0,1,0,,0,0,0,0,0,0,0,1,1,121929.35292418006
1020,1.0,249,0,0,0,,0,0,0,0,0,0,0,1,0,127702.20416381749
1021,1.0,748,0,0,0,,0,1,1,0,0,0,0,1,1,100740.73571181724
1022,1.0,168,0,0,0,,0,0,0,0,0,0,0,1,0,124005.07405610711
1023,1.0,114,0,0,0,,0,0,0,0,0,0,0,1,1,101247.91735360202
1024,1.0,216,0,0,0,,0,1,0,0,0,0,1,0,1,145459.87051298833
1025,1.0,386,0,1,0,,0,1,0,0,0,0,0,1,0,146115.525093049
1026,1.0,267,1087,1,0,,0,1,0,0,0,0,0,1,0,188888.64057920012
1027,1.0,258,504,2,0,,0,1,0,0,0,0,1,0,0,235582.04693767047
1028,1.0,736,0,1,0,,0,1,0,0,0,0,1,0,0,212267.97655332714
1029,1.0,190,0,2,0,,0,1,0,0,0,0,0,1,0,159950.42342712625
1030,1.0,0,0,0,0,,0,1,0,0,0,0,0,1,0,105716.06228134895
1031,1.0,299,0,1,0,,0,1,0,0,0,0,0,1,0,142144.53349587857
1032,1.0,300,0,1,0,,0,0,0,0,0,0,1,0,1,182695.86175841093
1033,1.0,587,0,1,0,,0,0,0,0,0,0,0,1,1,145618.37176247253
1034,1.0,0,0,0,0,,0,1,0,0,0,0,0,1,0,105716.06228134895
1035,1.0,353,0,2,0,,0,0,0,0,0,0,1,0,0,228188.41520244422
1036,1.0,491,638,0,0,,0,1,0,0,0,0,1,0,0,206597.35872611662
1037,1.0,453,0,0,0,,0,1,0,0,0,0,0,1,0,126392.60473558112
1038,1.0,0,0,0,0,,0,0,0,0,0,0,1,0,1,146221.74696230463
1039,1.0,283,0,0,0,,0,1,0,0,1,0,0,1,0,103698.50662450958
1040,1.0,557,0,0,0,,0,1,0,0,0,0,0,1,1,110847.13392219013
1041,1.0,1080,400,1,0,,0,1,0,0,0,0,0,1,0,195530.79138574103
1042,1.0,0,376,0,0,,0,1,0,0,0,0,0,1,1,102097.96242175727
1043,1.0,0,717,1,444,,0,1,0,0,0,0,1,0,0,238310.0317939941
1044,1.0,497,929,1,0,,0,1,0,0,0,0,1,0,0,242557.10708227727
1045,1.0,0,0,1,0,,0,1,0,0,0,0,1,0,0,178674.30051289694
1046,1.0,0,0,0,0,,0,0,0,0,0,0,1,0,0,166514.15025966943
1047,1.0,0,0,1,0,,0,0,0,0,0,0,1,0,0,189295.19058277432
1048,1.0,20,0,0,0,,0,0,0,0,0,0,1,0,0,167427.02189120286
1049,1.0,36,0,1,0,,0,1,0,0,0,0,1,0,0,180317.4694496571
1050,1.0,0,0,0,0,,0,1,0,0,0,0,1,0,0,155893.26018979208
1051,1.0,0,916,0,0,,0,1,0,0,0,0,1,0,0,196514.70154351598
1052,1.0,608,927,1,0,,0,0,0,0,0,0,1,0,0,258155.74160377277
1053,1.0,51,0,2,0,,0,0,0,0,0,0,1,0,0,214404.05356628945
1054,1.0,550,0,0,0,,1,0,0,0,0,0,0,1,1,141464.58666052317
1055,1.0,539,662,0,0,,0,0,0,0,0,0,1,0,0,220473.45795238318
1056,1.0,420,0,0,0,,1,0,0,0,0,0,0,1,1,135530.92105555584
1057,1.0,549,0,0,0,,1,0,0,0,0,0,0,1,0,161711.34637631127
1058,1.0,342,885,1,0,,1,0,0,0,0,0,1,0,0,264468.0614726299
1059,1.0,638,900,1,0,,1,0,0,0,0,0,0,1,0,228466.56198632455
1060,1.0,0,845,0,0,,0,0,0,0,0,0,1,0,0,203986.9864429628
1061,1.0,841,857,1,0,,0,1,0,0,0,0,1,0,0,255065.54742252544
1062,1.0,663,0,0,0,,0,0,0,0,0,0,0,1,0,146598.64693655947
1063,1.0,502,0,1,0,,0,0,0,0,0,0,0,1,1,141738.66732845546
1064,1.0,755,0,1,0,,0,1,0,0,0,0,0,1,1,142665.60339747593
1065,1.0,539,0,0,0,,0,0,0,0,0,0,0,1,1,120646.43952368743
1066,1.0,60,0,0,0,,0,0,0,0,0,0,0,1,0,119075.56724582659
1067,1.0,330,0,0,0,,0,1,0,0,0,0,0,1,0,120778.44420165053
1068,1.0,671,0,0,0,,0,1,0,0,0,0,0,0,1,249823.82728845972
1069,1.0,385,0,0,0,,0,1,0,0,0,0,1,0,1,153173.63579944582
1070,1.0,1412,0,1,0,,0,1,0,0,0,0,1,0,0,243123.03769915705
1071,1.0,654,940,1,0,,0,1,0,0,0,0,1,0,0,250210.9614584729
1072,1.0,0,869,0,0,,0,1,0,0,0,0,1,0,0,194430.41361379434
1073,1.0,408,0,1,0,,0,1,0,0,0,0,1,0,0,197296.8817961789
1074,1.0,1198,908,1,0,,0,1,0,0,0,0,1,0,0,273621.9801819037
1075,1.0,762,780,2,0,,0,0,0,0,0,0,1,0,0,281446.95039034286
1076,1.0,915,0,1,0,,1,0,0,0,0,0,1,0,0,251375.13546492104
1077,1.0,0,738,0,0,,0,0,0,0,0,0,1,0,0,199241.90541146885
1078,1.0,709,0,0,0,,0,1,0,0,0,0,1,0,0,188254.55952765213
1079,1.0,0,0,1,0,,0,1,0,0,0,0,1,0,0,178674.30051289694
1080,1.0,0,753,1,0,,0,1,0,0,0,0,1,0,0,212067.2539401394
1081,1.0,0,768,0,0,,0,0,0,0,0,0,1,0,0,200572.301962355
1082,1.0,936,0,1,0,,0,1,0,0,0,0,0,1,0,171219.49496021832
1083,1.0,132,0,0,0,,0,1,0,0,0,0,0,1,1,91448.61175210476
1084,1.0,130,450,1,0,,0,1,0,0,0,0,0,1,1,134094.31317534865
1085,1.0,0,0,0,0,,0,1,0,0,0,0,0,1,0,105716.06228134895
1086,1.0,504,0,1,0,,0,1,0,0,0,0,0,1,1,131209.06442173143
1087,1.0,0,1133,0,0,,0,0,0,0,0,0,0,1,0,166581.59542302677
1088,1.0,611,674,0,0,,0,1,0,0,0,0,0,1,0,163493.86646793748
1089,1.0,4010,0,2,0,,0,0,0,0,0,0,0,0,0,478703.1201864177
1090,1.0,467,0,0,0,,0,1,0,0,1,0,1,0,0,162274.12354306024
1091,1.0,77,0,0,0,,0,1,0,0,0,1,0,0,1,71426.59125294119
1092,1.0,0,0,0,0,,0,1,0,0,0,1,0,0,0,88204.4387689023
1093,1.0,0,0,0,0,,0,1,0,0,0,0,0,1,0,105716.06228134895
1094,1.0,144,125,1,0,,0,1,0,0,0,0,0,1,1,120320.69401615534
1095,1.0,544,0,1,0,,0,1,0,0,0,0,0,1,1,133034.8076847983
1096,1.0,682,0,0,0,,0,1,0,0,0,0,0,1,1,116552.58161927406
1097,1.0,371,1296,0,0,,0,1,0,0,0,0,0,1,0,180122.9620445759
1098,1.0,319,0,0,0,,0,1,0,0,0,0,0,1,1,99983.96150694233
1099,1.0,113,539,1,0,,0,1,0,0,0,0,0,1,1,137265.21538950744
1100,1.0,246,531,1,0,,0,1,0,0,0,0,0,1,1,142981.03932563515
1101,1.0,0,585,1,0,,0,1,0,0,0,0,0,1,1,134147.432049369
1102,1.0,0,775,1,0,,0,1,0,0,0,0,0,1,1,142573.276871648
1103,1.0,0,851,1,0,,0,1,0,0,0,0,1,0,1,196120.81270900276
1104,1.0,0,0,1,0,,1,0,0,0,0,0,0,1,0,159434.06041382352
1105,1.0,189,525,1,0,,0,0,0,0,0,0,1,0,1,200911.36384390818
1106,1.0,533,595,0,0,,0,0,1,0,0,0,0,1,1,127934.45400195233
1107,1.0,540,0,3,0,,0,0,0,0,0,0,0,1,0,209327.60737194354
1108,1.0,813,0,2,0,,0,0,0,0,0,0,0,1,0,199007.26481926994
1109,1.0,330,516,1,0,,0,1,0,1,0,0,0,1,1,114664.72258530302
1110,1.0,0,0,0,0,,1,0,0,0,0,0,1,0,0,186830.21799916177
1111,1.0,577,0,0,0,,0,0,0,0,1,0,0,1,0,127738.60967792835
1112,1.0,434,0,2,0,,0,0,0,0,0,0,0,1,0,181708.3474017115
1113,1.0,0,0,1,228,,0,0,0,0,0,0,1,0,0,203591.023571516
1114,1.0,375,495,0,0,,0,1,0,0,0,0,1,0,1,174668.74307330063
1115,1.0,0,665,0,0,,0,1,0,0,0,0,0,1,0,135206.51915932534
1116,1.0,548,886,0,0,,0,1,0,0,0,0,1,0,1,199904.584399281
1117,1.0,0,0,0,0,,0,1,0,0,0,0,0,1,1,85423.65898398413
1118,1.0,0,0,0,0,,0,1,0,0,0,0,0,1,1,85423.65898398413
1119,1.0,0,957,0,0,,0,1,1,0,0,0,0,1,0,129331.38996310014
1120,1.0,967,0,0,0,,0,1,0,0,0,0,0,1,1,129561.00236862544
1121,1.0,737,0,0,0,,0,1,0,0,0,0,1,0,1,169240.1765144341
1122,1.0,1573,0,1,0,,0,0,0,0,1,0,1,0,0,246157.8551598411
1123,1.0,1001,0,1,0,,0,0,0,0,0,0,1,0,0,234984.41574102247
1124,1.0,585,0,1,0,,0,1,0,0,0,0,1,0,0,205375.79573524973
1125,1.0,1392,0,1,0,,0,0,0,0,0,0,1,0,0,252831.056137501
1126,1.0,1239,0,1,0,,0,0,0,0,0,0,0,1,0,195670.39024782716
1127,1.0,224,0,0,0,,0,0,0,0,0,0,0,1,0,126561.11462440071
1128,1.0,924,0,1,0,,0,0,0,0,0,0,0,1,0,181292.6620511756
1129,1.0,949,0,2,0,,0,0,0,0,1,0,1,0,0,240457.30057910303
1130,1.0,0,0,1,0,,0,1,0,0,0,0,1,0,0,178674.30051289694
1131,1.0,0,0,0,0,,0,0,0,0,0,0,1,0,0,166514.15025966943
1132,1.0,583,0,1,0,,0,0,0,0,0,0,0,0,0,299501.52580005967
1133,1.0,215,0,0,0,,0,1,0,0,0,0,1,0,0,165706.63022877646
1134,1.0,250,0,0,0,,0,0,0,0,0,0,1,0,0,177925.0456538373
1135,1.0,1329,0,1,0,,0,1,0,0,0,0,1,0,0,239334.62042829333
1136,1.0,0,0,1,0,,0,0,0,0,0,0,0,1,0,139117.99267433118
1137,1.0,766,1340,1,0,,0,0,0,0,0,0,1,0,0,283682.5533434197
1138,1.0,0,0,1,0,,0,0,0,0,0,0,0,0,0,272891.3177408602
1139,1.0,0,0,0,561,,0,1,0,0,0,0,0,1,0,140891.33555627917
1140,1.0,16,0,0,0,,0,0,0,0,1,0,0,1,0,102132.56041341563
1141,1.0,252,546,0,0,,0,1,0,1,0,0,0,1,0,109946.28274746874
1142,1.0,503,462,0,0,,0,1,0,1,0,0,0,1,0,117677.71138073207
1143,1.0,384,546,0,0,,0,1,0,0,1,0,0,1,0,132521.72558988136
1144,1.0,0,546,0,0,,0,1,0,1,0,0,0,1,0,98444.10019014752
1145,1.0,923,0,1,0,,0,1,0,0,0,0,1,0,0,220803.32630816472
1146,1.0,1148,0,1,0,,0,0,0,0,0,0,0,1,0,191516.82432435005
1147,1.0,1112,0,2,0,,0,0,0,0,0,0,1,0,0,262831.89361913793
1148,1.0,531,716,1,0,,0,0,0,0,0,0,0,1,0,195106.8655060266
1149,1.0,796,0,0,0,,0,1,0,0,0,0,0,1,0,142048.35321637942
1150,1.0,811,0,0,0,,0,1,0,0,0,0,0,1,0,142733.0069400295
1151,1.0,1090,0,0,0,,1,0,0,0,0,0,0,1,0,186404.52400929056
1152,1.0,596,0,0,0,,0,0,0,0,0,0,0,1,0,143540.52697092248
1153,1.0,516,0,0,0,,0,1,0,0,0,0,0,1,0,129268.15037491138
1154,1.0,468,0,0,0,,0,0,0,0,0,0,0,1,0,137698.14852910856
1155,1.0,773,0,2,0,,0,0,0,0,0,0,1,0,0,247358.71946464627
1156,1.0,1127,0,1,0,,0,0,0,0,0,0,0,1,0,190558.3091112399
1157,1.0,1110,0,2,0,,0,0,0,0,0,0,0,0,0,346336.73361407046
1158,1.0,0,0,1,0,,0,1,0,0,0,0,0,1,0,128497.1026044538
1159,1.0,700,712,1,0,,0,0,0,0,0,0,0,1,0,202643.24458569929
1160,1.0,0,890,1,0,,1,0,0,0,0,0,0,1,0,198902.4914234461
1161,1.0,0,955,1,0,,0,0,0,0,0,0,0,1,0,181468.94954420713
1162,1.0,0,990,1,0,,0,0,0,0,0,0,1,0,0,233198.27676201743
1163,1.0,60,512,1,0,,0,0,0,0,0,0,1,0,0,214739.23994583168
1164,1.0,0,608,0,0,,0,0,0,0,0,0,1,0,0,193476.85369096216
1165,1.0,705,0,1,0,,0,0,0,0,0,0,0,1,0,171296.71768588456
1166,1.0,0,0,0,0,,0,0,0,0,1,0,0,1,0,101402.2631081889
1167,1.0,1218,1384,1,0,,0,0,0,0,0,0,0,0,0,389860.82764879405
1168,1.0,0,1862,1,0,,0,0,0,0,0,0,0,0,0,355464.59699919424
1169,1.0,205,1371,1,0,,0,0,0,0,0,0,1,0,0,259451.24718148928
1170,1.0,1206,848,1,0,,0,0,0,0,0,0,0,0,0,365543.352960708
1171,1.0,0,1405,1,0,,0,0,0,0,0,0,0,0,0,335198.2228740285
1172,1.0,1191,0,1,0,,0,1,0,0,1,0,1,0,0,218101.11692767523
1173,1.0,1416,0,2,0,,0,0,0,0,0,0,0,0,0,360303.6695765319
1174,1.0,850,0,1,0,,0,0,0,0,0,0,0,1,0,177915.03701450193
1175,1.0,0,912,1,0,,0,1,0,0,0,0,0,1,0,168941.15775139292
1176,1.0,1005,0,1,0,,0,0,0,0,0,0,0,1,0,184989.79215888603
1177,1.0,788,1358,1,0,,0,0,0,0,0,0,1,0,0,285484.9500686381
1178,1.0,548,766,1,0,,0,1,0,0,0,0,1,0,0,237656.44181620606
1179,1.0,755,0,0,0,,0,1,0,0,0,0,0,1,0,140176.96637173585
1180,1.0,20,0,0,0,,0,1,0,0,0,0,0,1,1,86336.53061551756
1181,1.0,951,0,0,0,,1,0,0,0,1,0,1,0,0,215302.5748355389
1182,1.0,0,567,0,0,,0,1,0,0,1,0,0,1,1,95633.46455269503
1183,1.0,402,600,1,0,,0,1,0,0,1,0,1,0,0,208696.26208140454
1184,1.0,282,536,0,0,,0,1,0,1,0,0,0,1,1,90579.72138044199
1185,1.0,276,465,0,0,,0,1,0,1,0,0,0,1,1,87157.25472055144
1186,1.0,382,567,0,0,,0,1,0,1,0,0,0,1,1,96518.82264069149
1187,1.0,727,0,1,0,,0,1,0,0,1,0,0,1,0,146745.29716765654
1188,1.0,373,0,1,0,,0,1,0,0,0,0,0,1,0,145522.15853255225
1189,1.0,120,0,0,0,,0,1,0,1,0,0,0,1,0,79708.11275322008
1190,1.0,70,601,1,0,,0,1,0,1,0,0,0,1,0,126859.25156691071
1191,1.0,1369,851,1,0,,0,0,0,0,0,0,0,0,0,373116.2964127941
1192,1.0,0,0,1,0,,0,1,0,0,0,0,1,0,0,178674.30051289694
1193,1.0,0,0,0,0,,0,1,0,0,0,0,1,0,0,155893.26018979208
1194,1.0,1505,0,1,0,,0,0,0,0,0,0,0,0,0,341584.9080137508
1195,1.0,0,1089,1,0,,0,0,0,0,0,0,0,0,0,321184.71253802767
1196,1.0,1290,466,1,0,,0,0,0,0,0,0,0,0,0,352437.031065198
1197,1.0,0,1044,1,0,,0,0,0,0,0,0,0,0,0,319189.1177116984
1198,1.0,0,1335,1,0,,0,0,0,0,0,0,1,0,0,248497.83709720822
1199,1.0,880,814,1,0,,0,0,0,0,0,0,0,0,0,349155.7626090421
1200,1.0,1232,0,1,0,,0,0,0,0,0,0,1,0,0,245528.08308523355
1201,1.0,1383,0,1,0,,0,0,0,0,0,0,0,0,0,336016.39106139686
1202,1.0,994,488,1,0,,0,0,0,0,0,0,1,0,0,256306.02789773393
1203,1.0,472,0,1,0,,0,1,0,0,1,0,0,0,0,268879.50893213437
1204,1.0,1023,0,1,0,,0,1,0,0,1,0,0,0,0,294029.12238088035
1205,1.0,415,0,1,0,,0,1,0,0,1,0,1,0,0,182681.69762417817
1206,1.0,0,728,1,0,,0,1,0,0,0,0,1,0,0,210958.5901477343
1207,1.0,0,754,0,0,,0,1,0,0,0,0,1,0,0,189330.56016873076
1208,1.0,0,0,0,0,,0,0,0,0,0,0,1,0,0,166514.15025966943
1209,1.0,0,1321,1,0,,0,0,0,0,0,0,1,0,0,247876.98537346136
1210,1.0,0,754,0,0,,0,0,0,0,0,0,1,0,0,199951.45023860814
1211,1.0,453,0,1,0,,0,1,0,0,1,0,1,0,0,184416.15372409168
1212,1.0,1038,0,1,0,,0,1,0,0,1,0,1,0,0,211117.64894644447
1213,1.0,1059,0,1,0,,0,1,0,0,1,0,1,0,0,212076.1641595546
1214,1.0,16,0,0,0,,0,1,0,0,1,0,1,0,0,141688.86825198142
1215,1.0,0,750,1,0,,0,0,0,0,0,0,1,0,0,222555.10435492822
1216,1.0,732,881,1,0,,0,0,0,0,0,0,0,1,0,211598.40643281146
1217,1.0,0,1240,0,0,,0,0,0,0,0,0,1,0,0,221503.87436296386
1218,1.0,791,897,1,0,,0,0,0,0,0,0,1,0,0,265178.1204814175
1219,1.0,505,1029,1,0,,0,1,0,0,0,0,1,0,0,247356.91090451114
1220,1.0,1182,1315,1,0,,0,0,0,0,0,0,0,0,0,385157.7466449957
1221,1.0,527,1368,1,0,,0,0,0,0,0,0,1,0,0,274015.4407940889
1222,1.0,292,1567,1,0,,0,0,0,0,0,0,0,0,0,355710.2900692018
1223,1.0,380,1189,1,0,,0,0,0,0,0,0,1,0,0,259367.80154869737
1224,1.0,247,1234,1,0,,0,0,0,0,0,0,1,0,0,255292.80002532937
1225,1.0,0,848,1,0,,0,0,0,0,0,0,1,0,0,226901.0664211563
1226,1.0,1562,0,1,0,,0,0,0,0,0,0,1,0,0,260590.46500553514
1227,1.0,0,0,0,0,,0,1,0,0,0,0,1,0,0,155893.26018979208
1228,1.0,24,0,0,0,,0,1,0,0,0,0,1,0,0,156988.7061476322
1229,1.0,1836,604,1,0,,0,1,0,0,0,0,0,0,0,372857.3606702596
1230,1.0,0,858,0,0,,0,1,0,0,0,0,1,0,0,193942.6015451361
1231,1.0,24,0,0,0,,0,0,0,0,0,0,1,0,0,167609.59621750956
1232,1.0,0,0,0,0,,0,0,0,0,0,0,1,0,0,166514.15025966943
1233,1.0,0,0,0,0,,0,1,0,0,0,0,1,0,0,155893.26018979208
1234,1.0,0,795,0,0,,0,1,0,0,0,0,1,0,0,191148.76878827516
1235,1.0,0,754,0,0,,0,0,0,0,0,0,1,0,0,199951.45023860814
1236,1.0,0,896,0,0,,0,0,0,0,0,0,0,1,0,156071.46267102612
1237,1.0,758,887,0,0,,1,0,0,0,0,0,1,0,0,260763.44418881272
1238,1.0,904,0,0,0,,0,1,0,0,1,0,1,0,0,182220.36869206562
1239,1.0,278,0,0,0,,0,1,0,0,1,0,1,0,0,153647.48662506937
1240,1.0,274,684,0,0,,0,0,0,0,0,0,1,0,0,209353.53297188177
1241,1.0,36,0,0,0,,0,1,0,0,0,0,0,1,1,87066.8279207443
1242,1.0,0,368,0,0,,0,1,0,0,0,0,0,1,0,122035.59330555247
1243,1.0,612,0,1,0,,0,0,0,0,0,0,0,1,1,146759.4613018893
1244,1.0,554,0,0,0,,0,0,0,0,0,0,0,1,0,141623.49654470227
1245,1.0,162,0,0,0,,0,1,0,0,0,0,0,1,0,113110.32249676972
1246,1.0,181,0,0,0,,0,0,0,0,0,0,0,1,1,104306.03731923901
1247,1.0,712,0,0,0,,0,0,0,0,0,0,0,1,0,148835.18243381637
1248,1.0,644,0,0,0,,0,0,0,0,0,0,0,1,0,145731.41888660274
1249,1.0,659,0,1,0,,0,0,0,0,0,0,0,1,0,169197.1129333577
1250,1.0,1023,495,4,800,,0,0,0,0,0,0,1,0,0,376444.05609900237
1251,1.0,1118,1306,3,0,,0,1,0,0,0,0,1,0,0,333182.50187706936
1252,1.0,0,0,1,0,,0,1,0,0,1,0,1,0,0,163739.61126985954
1253,1.0,0,623,0,0,,0,1,0,1,0,0,1,0,1,131743.57928183366
1254,1.0,353,756,0,0,,0,1,0,0,1,0,1,0,1,170304.34502828593
1255,1.0,0,550,0,0,,0,0,0,0,1,0,1,0,0,175970.06444954488
1256,1.0,0,840,1,0,,0,0,0,0,0,0,1,0,0,226546.29400758664
1257,1.0,0,0,1,0,,0,0,0,0,0,0,1,0,0,189295.19058277432
1258,1.0,962,0,0,0,,0,0,1,0,0,0,0,1,0,141421.75553646713
1259,1.0,553,0,0,0,,0,1,0,0,0,0,0,1,0,130956.96289324824
1260,1.0,758,0,0,0,,0,1,0,0,0,0,0,1,0,140313.8971164659
1261,1.0,361,886,0,0,,0,1,0,0,0,0,0,1,0,161484.4400333651
1262,1.0,760,0,1,0,,0,1,0,0,0,0,1,0,0,213363.42251116727
1263,1.0,744,0,0,0,,0,1,0,0,0,0,0,1,0,139674.88697439252
1264,1.0,799,0,0,0,,0,0,0,0,0,0,0,1,0,152806.1740309868
1265,1.0,602,0,0,0,,0,1,0,0,0,0,0,1,0,133193.49839050515
1266,1.0,901,0,2,0,,0,1,1,0,0,0,1,0,0,223755.8855450657
1267,1.0,260,0,1,0,,0,0,0,0,0,0,0,1,0,150985.3238842658
1268,1.0,360,720,1,0,,0,1,0,0,0,0,0,1,0,176858.30919332325
1269,1.0,632,0,0,0,,0,1,0,0,0,0,0,1,0,134562.80583780527
1270,1.0,574,0,1,0,,0,1,0,0,0,0,0,1,0,154696.5184294632
1271,1.0,0,0,1,0,,0,1,0,0,0,0,0,1,1,108204.69930708899
1272,1.0,915,0,1,0,,0,1,0,0,0,0,0,1,0,170260.97974710818
1273,1.0,40,0,1,0,,0,1,0,0,0,0,0,1,0,130322.84586752066
1274,1.0,996,0,0,0,,0,1,0,0,0,0,0,1,0,151177.06953171373
1275,1.0,0,704,1,0,,0,1,0,0,0,0,0,1,0,159717.07499858225
1276,1.0,486,0,0,0,,0,1,0,0,0,0,0,1,0,127898.84292761129
1277,1.0,0,0,0,0,,0,0,0,0,0,0,0,1,1,96044.54905386148
1278,1.0,939,0,2,0,,0,0,0,0,0,0,0,1,0,204758.35609793058
1279,1.0,0,0,0,0,,0,0,0,0,0,0,0,1,0,116336.9523512263
1280,1.0,623,0,1,0,,0,1,0,0,0,0,0,1,0,156933.0539267201
1281,1.0,203,0,1,0,,0,0,0,0,0,0,0,1,0,148383.6397343955
1282,1.0,678,0,1,0,,0,1,0,0,0,0,0,1,0,159443.45091343706
1283,1.0,914,0,1,0,,0,1,0,0,0,0,0,1,0,170215.33616553154
1284,1.0,824,0,0,0,,0,1,0,0,0,0,1,0,0,193503.57140896938
1285,1.0,658,0,0,0,,0,1,0,0,0,0,0,1,0,135749.53895879874
1286,1.0,0,0,1,0,,0,1,0,0,0,0,1,0,0,178674.30051289694
1287,1.0,271,0,0,0,,0,1,0,0,0,0,0,1,1,97793.06959126213
1288,1.0,488,0,1,0,,0,1,0,0,0,0,0,1,0,150771.1704138695
1289,1.0,144,0,0,0,,0,1,0,0,0,0,0,1,0,112288.73802838963
1290,1.0,741,0,0,0,,0,1,0,0,0,0,0,1,0,139537.95622966246
1291,1.0,0,0,3,0,,0,1,0,0,0,0,0,1,0,174059.18325066357
1292,1.0,494,0,0,0,,0,1,0,0,0,0,0,1,0,128263.99158022468
1293,1.0,1018,1248,1,0,,0,1,1,0,0,0,0,1,0,211482.44287485228
1294,1.0,0,412,0,0,,0,1,0,0,0,0,0,1,1,103694.43828282067
1295,1.0,0,0,0,0,,0,1,0,0,0,0,1,0,1,135600.85689242728
1296,1.0,0,0,0,0,,0,1,0,0,0,0,0,1,1,85423.65898398413
1297,1.0,0,272,0,0,,0,1,0,0,0,1,0,0,0,100266.7008302701
1298,1.0,338,821,1,0,,0,1,0,0,0,0,0,1,1,160040.74882258844
1299,1.0,0,779,1,0,,0,1,0,0,0,0,0,1,1,142750.66307843282
1300,1.0,580,0,1,0,,0,1,0,0,0,0,0,1,0,154970.37991892325
1301,1.0,701,0,0,0,,0,1,0,0,0,0,0,1,0,137712.2129665956
1302,1.0,913,0,2,0,,0,1,0,0,0,0,0,1,0,192950.73290705972
1303,1.0,0,0,1,0,,0,1,0,0,0,0,1,0,0,178674.30051289694
1304,1.0,636,548,2,0,,0,0,0,0,0,0,0,1,0,215230.26120971952
1305,1.0,455,611,0,0,,0,1,0,0,0,0,1,0,1,183464.42959619412
1306,1.0,0,0,0,0,,0,1,0,0,0,0,0,1,1,85423.65898398413
1307,1.0,0,0,0,0,,0,1,0,0,0,0,0,1,0,105716.06228134895
1308,1.0,781,0,0,0,,0,1,0,0,0,0,0,1,0,141363.69949272933
1309,1.0,809,0,0,0,,0,1,0,0,0,0,0,1,1,122349.31647951134
1310,1.0,468,0,0,0,,0,1,0,0,0,0,0,1,0,127077.2584592312
1311,1.0,953,0,0,0,,0,1,1,0,0,0,0,1,0,130390.0732323997
1312,1.0,0,1007,0,0,,0,1,0,0,0,0,0,1,1,130080.6365420627
1313,1.0,276,442,0,0,,0,1,0,0,0,0,0,1,1,117622.46334886814
1314,1.0,284,510,1,0,,0,1,0,0,0,1,0,0,1,126272.59432748165
1315,1.0,381,476,0,0,,0,1,0,0,0,0,1,0,1,174100.02008053276
1316,1.0,208,580,0,0,,0,1,0,0,0,0,0,1,1,120638.52393573076
1317,1.0,0,502,1,0,,0,1,0,0,0,0,1,0,1,180643.86616702715
1318,1.0,0,867,0,0,,0,1,1,0,0,1,0,0,1,87536.1735006302
1319,1.0,143,0,0,0,,0,1,0,0,0,0,0,1,1,91950.69114944815
1320,1.0,0,0,0,0,,0,1,0,0,0,0,0,1,1,85423.65898398413
1321,1.0,0,0,0,0,,0,1,0,0,0,0,0,1,1,85423.65898398413
1322,1.0,0,662,0,0,,0,1,0,0,0,0,0,1,1,114781.0762068719
1323,1.0,576,0,0,0,,0,1,1,0,0,0,0,1,1,92890.03968062975
1324,1.0,0,750,0,0,,0,1,0,0,0,0,1,0,1,168860.77066458116
1325,1.0,416,0,0,0,,0,1,0,0,0,0,0,1,1,104411.38891987943
1326,1.0,310,297,0,0,,0,1,0,0,0,0,0,1,1,112744.09512652522
1327,1.0,0,0,0,0,,0,1,0,0,0,1,0,0,1,67912.03547153749
1328,1.0,0,878,0,0,,0,1,0,0,0,0,0,1,1,124359.93137325226
1329,1.0,0,624,0,0,,0,1,0,0,0,0,0,1,0,133388.31053978094
1330,1.0,0,0,0,0,,0,1,0,0,0,0,0,1,1,85423.65898398413
1331,1.0,0,0,0,0,,0,1,0,0,0,1,0,0,0,88204.4387689023
1332,1.0,0,810,1,0,,0,0,0,0,0,0,0,1,1,154746.2962508926
1333,1.0,347,434,0,0,,0,1,0,0,0,0,0,1,1,120508.38522724215
1334,1.0,0,583,0,0,,0,1,0,0,0,0,1,0,1,161454.89653131488
1335,1.0,0,0,0,0,,1,0,0,0,0,0,0,1,1,116360.61679335382
1336,1.0,0,875,1,0,,0,0,0,0,0,0,0,1,1,157628.8221111459
1337,1.0,0,596,0,0,,0,1,0,0,0,1,0,0,1,94342.58028247576
1338,1.0,0,665,0,0,,0,1,0,0,0,0,0,1,1,114914.11586196053
1339,1.0,0,0,0,0,,0,1,0,0,0,0,1,0,0,155893.26018979208
1340,1.0,343,0,0,0,,0,1,0,0,0,0,0,1,1,101079.40746478246
1341,1.0,329,341,1,0,,0,1,0,0,0,0,0,1,1,138343.61177421993
1342,1.0,0,0,0,0,,0,1,0,0,0,0,0,1,1,85423.65898398413
1343,1.0,0,0,1,0,,0,1,0,0,0,0,0,1,0,128497.1026044538
1344,1.0,0,0,1,0,,0,1,0,0,0,0,0,1,1,108204.69930708899
1345,1.0,0,0,0,0,,0,0,0,0,0,0,0,1,1,96044.54905386148
1346,1.0,510,0,0,0,,0,1,0,0,0,0,0,1,1,108701.88558808657
1347,1.0,779,0,1,0,,0,0,0,0,0,0,0,1,0,174674.34272255824
1348,1.0,456,0,0,0,,0,0,0,0,0,0,0,1,0,137150.42555018846
1349,1.0,773,0,0,0,,0,1,0,0,0,0,0,1,0,140998.550840116
1350,1.0,194,0,1,0,,0,0,0,0,0,0,0,1,0,147972.84750020545
1351,1.0,794,0,1,0,,0,0,0,0,0,0,0,1,1,155066.59314884353
1352,1.0,0,0,0,0,,0,0,0,0,0,0,0,1,0,116336.9523512263
1353,1.0,483,0,0,0,,0,1,0,0,0,0,0,1,0,127761.9121828813
1354,1.0,0,0,1,0,,0,1,0,0,0,1,0,0,1,90693.07579464234
1355,1.0,810,0,2,0,,0,1,0,0,0,0,0,1,0,188249.44400466257
1356,1.0,104,0,2,0,,0,1,0,0,0,0,0,1,0,156025.07541153248
1357,1.0,535,0,0,0,,0,1,0,0,0,0,0,1,1,109842.97512750335
1358,1.0,397,680,0,0,,0,1,0,1,0,0,1,0,0,172684.23791182073
1359,1.0,799,0,1,0,,0,1,0,0,0,0,0,1,0,164966.3242842143
1360,1.0,230,351,2,0,,0,1,0,0,0,0,0,1,0,177341.80633556115
1361,1.0,0,672,2,0,,0,1,0,0,0,0,0,1,0,181079.02566740854
1362,1.0,425,1836,2,0,,0,1,0,0,0,0,1,0,1,281981.72862295504
1363,1.0,612,0,1,0,,0,0,0,0,0,0,0,1,0,167051.8645992541
1364,1.0,0,0,1,0,,0,1,0,0,0,0,0,1,0,128497.1026044538
1365,1.0,0,0,0,0,,0,1,0,0,0,0,1,0,0,155893.26018979208
1366,1.0,468,541,0,0,,0,1,0,0,0,0,0,1,0,151068.74292687816
1367,1.0,549,1246,1,0,,0,0,0,0,0,0,0,0,0,353205.44743992446
1368,1.0,261,0,0,0,,0,1,0,0,0,0,1,0,0,167806.23498130334
1369,1.0,0,568,0,0,,1,0,0,0,0,0,1,0,0,212019.0593626063
1370,1.0,393,0,0,0,,0,0,0,0,0,0,1,0,0,184452.0778193013
1371,1.0,1576,0,1,0,,0,1,0,0,0,0,1,0,0,250608.58507773114
1372,1.0,1122,0,0,0,,0,1,0,0,0,0,0,0,0,290701.48587690335
1373,1.0,0,864,0,0,,0,0,0,0,0,0,1,0,0,204829.57092519072
1374,1.0,56,0,1,0,,0,1,0,0,0,0,1,0,0,181230.34108119053
1375,1.0,0,812,0,0,,0,0,0,0,0,0,1,0,0,202523.55023698803
1376,1.0,853,0,1,0,,0,1,0,0,0,0,0,1,0,167431.07768935454
1377,1.0,0,0,0,0,,0,1,0,0,0,0,0,1,0,105716.06228134895
1378,1.0,0,704,1,0,,0,0,0,0,0,0,1,0,0,220515.16297690276
1379,1.0,846,0,0,0,,0,0,0,0,0,0,0,1,0,154951.42236509034
1380,1.0,500,893,0,0,,0,0,0,0,0,0,1,0,0,228937.41171271636
1381,1.0,894,828,1,0,,0,0,0,0,0,0,1,0,0,266819.49731677654
1382,1.0,509,702,0,0,,0,0,0,0,0,0,0,1,0,170700.81466448808
1383,1.0,595,0,0,0,,0,0,0,0,0,0,0,1,1,123202.48009198102
1384,1.0,437,0,0,0,,0,1,0,0,0,0,0,1,1,105369.90413298957
1385,1.0,456,884,0,0,,0,0,0,0,0,0,1,0,0,226529.975158077
1386,1.0,639,915,1,0,,1,0,0,0,0,0,0,1,0,229177.4038433443
1387,1.0,872,0,1,0,,0,1,0,0,0,0,1,0,0,218475.50364775446
1388,1.0,0,1037,0,0,,0,1,0,0,0,0,1,0,0,201880.6342987568
1389,1.0,920,1124,1,0,,0,0,0,0,0,0,1,0,0,281132.8097398466
1390,1.0,0,984,1,0,,1,0,0,0,0,0,1,0,0,253248.26519133252
1391,1.0,796,869,1,0,,0,0,0,0,0,0,1,0,0,264164.63494180713
1392,1.0,685,1045,1,0,,0,1,0,0,0,0,1,0,0,256282.30041545126
1393,1.0,717,0,0,0,,0,1,0,0,1,0,1,0,0,173685.01893722813
1394,1.0,1000,0,0,0,,0,1,0,0,0,0,1,0,0,201536.8417664635
1395,1.0,0,886,0,0,,0,0,0,0,0,0,1,0,0,205805.1950625072
1396,1.0,0,827,0,0,,0,1,0,0,0,0,1,0,0,192567.8584425537
1397,1.0,996,0,0,0,,0,1,0,0,0,0,1,0,0,201354.26744015687
1398,1.0,173,676,0,0,,0,1,0,0,0,0,0,1,0,143590.67084074777
1399,1.0,976,0,0,0,,0,0,0,0,0,0,0,1,0,160885.08797005768
1400,1.0,847,0,0,0,,0,1,0,0,0,0,0,1,0,144376.17587678967
1401,1.0,0,918,1,0,,0,1,0,0,0,0,1,0,0,219384.4349700133
1402,1.0,475,0,0,0,,0,1,0,0,0,0,1,0,0,177573.96143871103
1403,1.0,0,1150,1,0,,0,0,0,0,0,0,1,0,0,240293.72503341027
1404,1.0,547,0,0,0,,0,1,0,0,1,0,0,1,0,115748.4121607508
1405,1.0,0,739,0,0,,0,1,0,1,0,0,1,0,1,136887.77927859343
1406,1.0,0,312,0,0,,0,1,0,0,0,0,0,1,0,119552.18641056496
1407,1.0,0,492,0,0,,0,1,0,0,0,0,0,1,1,107242.1624185171
1408,1.0,0,576,0,0,,0,1,0,0,0,0,0,1,0,131259.6760583631
1409,1.0,691,0,1,0,,0,0,0,0,0,0,0,1,0,170657.70754381118
1410,1.0,0,0,1,0,,0,1,0,0,0,0,0,1,0,128497.1026044538
1411,1.0,0,0,0,0,,0,1,0,0,0,0,0,1,1,85423.65898398413
1412,1.0,0,218,0,0,,0,1,0,0,0,0,1,0,1,145268.4051622
1413,1.0,930,493,0,0,,0,1,0,0,0,1,0,0,1,132223.4163240711
1414,1.0,780,524,0,0,,0,1,1,0,0,0,0,1,0,145731.32670844707
1415,1.0,424,736,2,0,,0,1,0,0,0,0,1,0,1,233154.8781755527
1416,1.0,305,755,0,0,,0,1,0,0,0,0,0,1,1,132826.59789550383
1417,1.0,0,818,1,0,,0,1,0,0,0,0,1,0,1,194657.37650302798
1418,1.0,646,473,2,0,,0,1,0,0,0,0,0,1,1,181447.41228102872
1419,1.0,384,464,0,0,,0,1,0,0,0,0,0,1,1,123527.59429646512
1420,1.0,0,610,1,0,,0,1,0,0,0,0,0,1,1,135256.09584177416
1421,1.0,602,592,1,0,,0,1,0,0,0,0,0,1,0,182227.69731776346
1422,1.0,526,549,1,0,,0,0,0,0,0,0,0,1,1,167180.37016751224
1423,1.0,0,650,2,0,,0,0,0,0,0,0,1,0,0,240901.48950841257
1424,1.0,0,697,1,0,,0,0,0,0,0,0,0,1,0,170027.5392065862
1425,1.0,760,1037,3,0,,0,1,0,0,0,0,0,1,0,254735.67935789865
1426,1.0,305,0,0,0,,0,1,0,0,0,0,0,1,1,99344.95136486895
1427,1.0,374,424,0,0,,0,1,0,0,0,0,0,1,1,121297.29641285022
1428,1.0,0,0,0,0,,0,1,0,0,0,0,0,1,0,105716.06228134895
1429,1.0,0,0,0,0,,0,1,0,0,0,1,0,0,1,67912.03547153749
1430,1.0,0,671,0,0,,0,1,0,0,0,0,1,0,1,165357.39308058092
1431,1.0,0,0,0,0,,0,1,0,0,0,0,0,1,0,105716.06228134895
1432,1.0,0,336,0,0,,0,1,1,0,0,0,0,1,0,101792.18135975674
1433,1.0,0,360,0,0,,0,1,0,0,0,0,0,1,0,121680.82089198279
1434,1.0,1573,0,1,0,,0,0,0,0,1,0,0,0,0,329753.982317927
1435,1.0,1564,0,1,0,,0,0,0,0,1,0,1,0,0,245747.06292565106
1436,1.0,776,0,1,0,,0,0,0,0,0,1,0,0,0,157025.7884653816
1437,1.0,0,0,0,0,,0,1,0,0,0,0,0,1,0,105716.06228134895
1438,1.0,0,0,0,0,,0,1,0,0,0,0,1,0,0,155893.26018979208
1439,1.0,576,0,0,0,,0,1,0,0,0,0,0,1,0,132006.76526951167
1440,1.0,909,0,2,0,,0,0,0,0,0,0,0,1,0,203389.04865063046
1441,1.0,1136,0,0,0,,0,0,0,0,0,0,1,0,0,218365.2589307682
1442,1.0,1350,0,2,0,,0,1,0,0,0,0,1,0,0,263074.1759645083
1443,1.0,1455,0,1,0,,0,1,0,0,0,0,0,0,0,328681.8388650398
1444,1.0,0,0,0,0,,0,1,0,0,0,0,0,1,0,105716.06228134895
1445,1.0,1243,0,0,0,,0,1,0,0,0,0,0,1,0,162451.03418115154
1446,1.0,0,688,1,0,,0,1,0,0,1,0,0,1,0,144072.84092840552
1447,1.0,441,0,0,0,,0,0,0,0,0,0,0,1,0,136465.77182653843
1448,1.0,149,0,0,0,,0,0,0,0,0,0,0,1,0,123137.84600615036
1449,1.0,522,0,0,0,,0,1,0,1,0,0,0,1,0,98056.832547042
1450,1.0,252,546,0,0,,0,1,0,0,1,0,0,1,0,126496.77282176077
1451,1.0,119,0,1,0,,0,1,0,0,0,0,0,1,0,133928.6888120777
1452,1.0,408,546,0,0,,0,1,0,1,0,0,0,1,0,117066.68147342949
1453,1.0,0,546,0,0,,0,1,0,1,0,0,0,1,0,98444.10019014752
1454,1.0,0,546,0,0,,0,1,0,1,0,0,0,1,0,98444.10019014752
1455,1.0,252,546,0,0,,0,1,0,0,1,0,0,1,0,126496.77282176077
1456,1.0,1224,0,1,0,,0,1,0,0,0,0,0,1,1,164072.4431569349
1457,1.0,337,0,0,0,,0,1,0,0,0,0,0,1,0,121097.94927268723
1458,1.0,758,1004,1,0,,0,1,0,0,0,0,0,1,0,207618.87534256076
